-- MySQL dump 10.13  Distrib 5.5.47, for Win32 (x86)
--
-- Host: localhost    Database: 321
-- ------------------------------------------------------
-- Server version	5.5.47

/*!40101 SET @OLD_CHARACTER_SET_CLIENT=@@CHARACTER_SET_CLIENT */;
/*!40101 SET @OLD_CHARACTER_SET_RESULTS=@@CHARACTER_SET_RESULTS */;
/*!40101 SET @OLD_COLLATION_CONNECTION=@@COLLATION_CONNECTION */;
/*!40101 SET NAMES utf8 */;
/*!40103 SET @OLD_TIME_ZONE=@@TIME_ZONE */;
/*!40103 SET TIME_ZONE='+00:00' */;
/*!40014 SET @OLD_UNIQUE_CHECKS=@@UNIQUE_CHECKS, UNIQUE_CHECKS=0 */;
/*!40014 SET @OLD_FOREIGN_KEY_CHECKS=@@FOREIGN_KEY_CHECKS, FOREIGN_KEY_CHECKS=0 */;
/*!40101 SET @OLD_SQL_MODE=@@SQL_MODE, SQL_MODE='NO_AUTO_VALUE_ON_ZERO' */;
/*!40111 SET @OLD_SQL_NOTES=@@SQL_NOTES, SQL_NOTES=0 */;

--
-- Table structure for table `pmw_admanage`
--

DROP TABLE IF EXISTS `pmw_admanage`;
/*!40101 SET @saved_cs_client     = @@character_set_client */;
/*!40101 SET character_set_client = utf8 */;
CREATE TABLE `pmw_admanage` (
  `id` smallint(5) unsigned NOT NULL AUTO_INCREMENT COMMENT '信息id',
  `siteid` smallint(5) unsigned NOT NULL DEFAULT '1' COMMENT '站点id',
  `classid` smallint(5) unsigned NOT NULL COMMENT '投放范围(广告位)',
  `parentid` smallint(5) unsigned NOT NULL COMMENT '所属广告位父id',
  `parentstr` varchar(80) NOT NULL COMMENT '所属广告位父id字符串',
  `title` varchar(30) NOT NULL COMMENT '广告标识',
  `admode` char(10) NOT NULL COMMENT '展示模式',
  `picurl` varchar(100) NOT NULL COMMENT '上传内容地址',
  `adtext` text NOT NULL COMMENT '展示内容',
  `linkurl` varchar(255) NOT NULL COMMENT '跳转链接',
  `orderid` smallint(5) unsigned NOT NULL COMMENT '排列排序',
  `posttime` int(10) unsigned NOT NULL COMMENT '提交时间',
  `checkinfo` enum('true','false') NOT NULL COMMENT '审核状态',
  PRIMARY KEY (`id`)
) ENGINE=MyISAM DEFAULT CHARSET=utf8;
/*!40101 SET character_set_client = @saved_cs_client */;

--
-- Dumping data for table `pmw_admanage`
--

LOCK TABLES `pmw_admanage` WRITE;
/*!40000 ALTER TABLE `pmw_admanage` DISABLE KEYS */;
/*!40000 ALTER TABLE `pmw_admanage` ENABLE KEYS */;
UNLOCK TABLES;

--
-- Table structure for table `pmw_admin`
--

DROP TABLE IF EXISTS `pmw_admin`;
/*!40101 SET @saved_cs_client     = @@character_set_client */;
/*!40101 SET character_set_client = utf8 */;
CREATE TABLE `pmw_admin` (
  `id` smallint(5) unsigned NOT NULL AUTO_INCREMENT COMMENT '信息id',
  `username` varchar(30) NOT NULL COMMENT '用户名',
  `password` char(32) NOT NULL COMMENT '密码',
  `nickname` char(32) NOT NULL COMMENT '昵称',
  `question` tinyint(1) unsigned NOT NULL COMMENT '登录提问',
  `answer` varchar(50) NOT NULL COMMENT '登录回答',
  `levelname` tinyint(1) unsigned NOT NULL COMMENT '级别',
  `checkadmin` enum('true','false') NOT NULL COMMENT '审核',
  `loginip` char(20) NOT NULL COMMENT '登录IP',
  `logintime` int(10) unsigned NOT NULL COMMENT '登录时间',
  PRIMARY KEY (`id`)
) ENGINE=MyISAM AUTO_INCREMENT=3 DEFAULT CHARSET=utf8;
/*!40101 SET character_set_client = @saved_cs_client */;

--
-- Dumping data for table `pmw_admin`
--

LOCK TABLES `pmw_admin` WRITE;
/*!40000 ALTER TABLE `pmw_admin` DISABLE KEYS */;
INSERT INTO `pmw_admin` VALUES (1,'admin','c3284d0f94606de1fd2af172aba15bf3','',0,'',1,'true','0.0.0.0',1487858959);
/*!40000 ALTER TABLE `pmw_admin` ENABLE KEYS */;
UNLOCK TABLES;

--
-- Table structure for table `pmw_admingroup`
--

DROP TABLE IF EXISTS `pmw_admingroup`;
/*!40101 SET @saved_cs_client     = @@character_set_client */;
/*!40101 SET character_set_client = utf8 */;
CREATE TABLE `pmw_admingroup` (
  `id` tinyint(3) unsigned NOT NULL AUTO_INCREMENT COMMENT '管理组id',
  `groupname` varchar(30) NOT NULL COMMENT '管理组名称',
  `description` text NOT NULL COMMENT '管理组描述',
  `groupsite` varchar(30) NOT NULL COMMENT '默认进入站',
  `checkinfo` set('true','false') NOT NULL COMMENT '审核状态',
  PRIMARY KEY (`id`)
) ENGINE=MyISAM AUTO_INCREMENT=4 DEFAULT CHARSET=utf8;
/*!40101 SET character_set_client = @saved_cs_client */;

--
-- Dumping data for table `pmw_admingroup`
--

LOCK TABLES `pmw_admingroup` WRITE;
/*!40000 ALTER TABLE `pmw_admingroup` DISABLE KEYS */;
INSERT INTO `pmw_admingroup` VALUES (1,'超级管理员','超级管理员组','1','true'),(2,'站点管理员','站点管理员组','1','true'),(3,'文章发布员','文章发布员组','1','true');
/*!40000 ALTER TABLE `pmw_admingroup` ENABLE KEYS */;
UNLOCK TABLES;

--
-- Table structure for table `pmw_adminnotes`
--

DROP TABLE IF EXISTS `pmw_adminnotes`;
/*!40101 SET @saved_cs_client     = @@character_set_client */;
/*!40101 SET character_set_client = utf8 */;
CREATE TABLE `pmw_adminnotes` (
  `uname` varchar(30) NOT NULL COMMENT '用户名',
  `body` mediumtext NOT NULL COMMENT '便签内容',
  `posttime` int(10) unsigned NOT NULL COMMENT '提交时间',
  `postip` varchar(30) NOT NULL COMMENT '提交IP',
  PRIMARY KEY (`uname`)
) ENGINE=MyISAM DEFAULT CHARSET=utf8;
/*!40101 SET character_set_client = @saved_cs_client */;

--
-- Dumping data for table `pmw_adminnotes`
--

LOCK TABLES `pmw_adminnotes` WRITE;
/*!40000 ALTER TABLE `pmw_adminnotes` DISABLE KEYS */;
/*!40000 ALTER TABLE `pmw_adminnotes` ENABLE KEYS */;
UNLOCK TABLES;

--
-- Table structure for table `pmw_adminprivacy`
--

DROP TABLE IF EXISTS `pmw_adminprivacy`;
/*!40101 SET @saved_cs_client     = @@character_set_client */;
/*!40101 SET character_set_client = utf8 */;
CREATE TABLE `pmw_adminprivacy` (
  `groupid` tinyint(3) unsigned NOT NULL COMMENT '所属管理组id',
  `siteid` tinyint(1) unsigned NOT NULL COMMENT '站点id',
  `model` varchar(30) NOT NULL COMMENT '管理模块',
  `classid` int(10) NOT NULL COMMENT '类型id',
  `action` varchar(10) NOT NULL COMMENT '可执行操作'
) ENGINE=MyISAM DEFAULT CHARSET=utf8;
/*!40101 SET character_set_client = @saved_cs_client */;

--
-- Dumping data for table `pmw_adminprivacy`
--

LOCK TABLES `pmw_adminprivacy` WRITE;
/*!40000 ALTER TABLE `pmw_adminprivacy` DISABLE KEYS */;
INSERT INTO `pmw_adminprivacy` VALUES (2,0,'upload_filemgr_sql',0,'all'),(2,0,'web_config',0,'all'),(2,0,'admin',0,'all'),(2,0,'database_backup',0,'all'),(2,0,'infoclass',0,'all'),(2,0,'info',0,'all'),(2,0,'infolist',0,'all'),(2,0,'infoimg',0,'all'),(2,0,'soft',0,'all'),(2,0,'goodstype',0,'all'),(2,0,'goods',0,'all'),(3,0,'infoclass',0,'all'),(3,0,'info',0,'all'),(3,0,'infolist',0,'all'),(3,0,'infoimg',0,'all'),(3,0,'soft',0,'all'),(3,0,'goodstype',0,'all'),(3,0,'goods',0,'all');
/*!40000 ALTER TABLE `pmw_adminprivacy` ENABLE KEYS */;
UNLOCK TABLES;

--
-- Table structure for table `pmw_adtype`
--

DROP TABLE IF EXISTS `pmw_adtype`;
/*!40101 SET @saved_cs_client     = @@character_set_client */;
/*!40101 SET character_set_client = utf8 */;
CREATE TABLE `pmw_adtype` (
  `id` smallint(5) unsigned NOT NULL AUTO_INCREMENT COMMENT '广告位id',
  `siteid` smallint(5) unsigned NOT NULL DEFAULT '1' COMMENT '站点id',
  `parentid` smallint(5) unsigned NOT NULL COMMENT '上级id',
  `parentstr` varchar(50) NOT NULL COMMENT '上级id字符串',
  `classname` varchar(30) NOT NULL COMMENT '广告位名称',
  `width` smallint(5) unsigned NOT NULL COMMENT '广告位宽度',
  `height` smallint(5) unsigned NOT NULL COMMENT '广告位高度',
  `orderid` smallint(5) unsigned NOT NULL COMMENT '排列顺序',
  `checkinfo` enum('true','false') NOT NULL COMMENT '审核状态',
  PRIMARY KEY (`id`)
) ENGINE=MyISAM DEFAULT CHARSET=utf8;
/*!40101 SET character_set_client = @saved_cs_client */;

--
-- Dumping data for table `pmw_adtype`
--

LOCK TABLES `pmw_adtype` WRITE;
/*!40000 ALTER TABLE `pmw_adtype` DISABLE KEYS */;
/*!40000 ALTER TABLE `pmw_adtype` ENABLE KEYS */;
UNLOCK TABLES;

--
-- Table structure for table `pmw_cascade`
--

DROP TABLE IF EXISTS `pmw_cascade`;
/*!40101 SET @saved_cs_client     = @@character_set_client */;
/*!40101 SET character_set_client = utf8 */;
CREATE TABLE `pmw_cascade` (
  `id` smallint(5) unsigned NOT NULL AUTO_INCREMENT COMMENT '级联组id',
  `groupname` varchar(30) NOT NULL COMMENT '级联组名称',
  `groupsign` varchar(30) NOT NULL COMMENT '级联组标识',
  `orderid` smallint(5) unsigned NOT NULL COMMENT '排列排序',
  PRIMARY KEY (`id`)
) ENGINE=MyISAM AUTO_INCREMENT=7 DEFAULT CHARSET=utf8;
/*!40101 SET character_set_client = @saved_cs_client */;

--
-- Dumping data for table `pmw_cascade`
--

LOCK TABLES `pmw_cascade` WRITE;
/*!40000 ALTER TABLE `pmw_cascade` DISABLE KEYS */;
INSERT INTO `pmw_cascade` VALUES (1,'地区','area',1),(2,'星座','astro',2),(3,'血型','bloodtype',3),(4,'证件类型','cardtype',4),(5,'安全问题','question',5),(6,'行业分布','trade',6);
/*!40000 ALTER TABLE `pmw_cascade` ENABLE KEYS */;
UNLOCK TABLES;

--
-- Table structure for table `pmw_cascadedata`
--

DROP TABLE IF EXISTS `pmw_cascadedata`;
/*!40101 SET @saved_cs_client     = @@character_set_client */;
/*!40101 SET character_set_client = utf8 */;
CREATE TABLE `pmw_cascadedata` (
  `id` smallint(5) unsigned NOT NULL AUTO_INCREMENT COMMENT '级联数据id',
  `dataname` char(30) NOT NULL COMMENT '级联数据名称',
  `datavalue` char(20) NOT NULL COMMENT '级联数据值',
  `datagroup` char(20) NOT NULL COMMENT '所属级联组',
  `orderid` smallint(5) unsigned NOT NULL COMMENT '排列排序',
  `level` tinyint(1) unsigned NOT NULL COMMENT '级联数据层次',
  PRIMARY KEY (`id`)
) ENGINE=MyISAM AUTO_INCREMENT=20020 DEFAULT CHARSET=utf8;
/*!40101 SET character_set_client = @saved_cs_client */;

--
-- Dumping data for table `pmw_cascadedata`
--

LOCK TABLES `pmw_cascadedata` WRITE;
/*!40000 ALTER TABLE `pmw_cascadedata` DISABLE KEYS */;
INSERT INTO `pmw_cascadedata` VALUES (20019,'澳门特别行政区','17500','area',17500,0),(20018,'香港特别行政区','17000','area',17000,0),(20017,'台湾省','16500','area',16500,0),(20016,'图木舒克市','16015.3','area',16015,2),(20015,'阿拉尔市','16015.2','area',16015,2),(20014,'石河子市','16015.1','area',16015,2),(20013,'省直辖行政单位','16015','area',16015,1),(20012,'吉木乃县','16014.7','area',16015,2),(20011,'青河县','16014.6','area',16015,2),(20010,'哈巴河县','16014.5','area',16015,2),(20009,'福海县','16014.4','area',16014,2),(20008,'富蕴县','16014.3','area',16014,2),(20007,'布尔津县','16014.2','area',16014,2),(20006,'阿勒泰市','16014.1','area',16014,2),(20005,'阿勒泰地区','16014','area',16014,1),(20004,'和布克赛尔蒙古自治县','16013.7','area',16014,2),(20003,'裕民县','16013.6','area',16014,2),(20002,'托里县','16013.5','area',16014,2),(20001,'沙湾县','16013.4','area',16013,2),(20000,'额敏县','16013.3','area',16013,2),(19999,'乌苏市','16013.2','area',16013,2),(19998,'塔城市','16013.1','area',16013,2),(19997,'塔城地区','16013','area',16013,1),(19996,'尼勒克县','16012.10','area',16012,2),(19995,'特克斯县','16012.9','area',16013,2),(19994,'昭苏县','16012.8','area',16013,2),(19993,'新源县','16012.7','area',16013,2),(19992,'巩留县','16012.6','area',16013,2),(19991,'霍城县','16012.5','area',16013,2),(19990,'察布查尔锡伯自治县','16012.4','area',16012,2),(19989,'伊宁县','16012.3','area',16012,2),(19988,'奎屯市','16012.2','area',16012,2),(19987,'伊宁市','16012.1','area',16012,2),(19986,'伊犁哈萨克自治州','16012','area',16012,1),(19985,'民丰县','16011.8','area',16012,2),(19984,'于田县','16011.7','area',16012,2),(19983,'策勒县','16011.6','area',16012,2),(19982,'洛浦县','16011.5','area',16012,2),(19981,'皮山县','16011.4','area',16011,2),(19980,'墨玉县','16011.3','area',16011,2),(19979,'和田县','16011.2','area',16011,2),(19978,'和田市','16011.1','area',16011,2),(19977,'和田地区','16011','area',16011,1),(19976,'塔什库尔干塔吉克自治县','16010.12','area',16010,2),(19975,'巴楚县','16010.11','area',16010,2),(19974,'伽师县','16010.10','area',16010,2),(19973,'岳普湖县','16010.9','area',16011,2),(19972,'麦盖提县','16010.8','area',16011,2),(19971,'叶城县','16010.7','area',16011,2),(19970,'莎车县','16010.6','area',16011,2),(19969,'泽普县','16010.5','area',16011,2),(19968,'英吉沙县','16010.4','area',16010,2),(19967,'疏勒县','16010.3','area',16010,2),(19966,'疏附县','16010.2','area',16010,2),(19965,'喀什市','16010.1','area',16010,2),(19964,'喀什地区','16010','area',16010,1),(19963,'乌恰县','16009.4','area',16009,2),(19962,'阿合奇县','16009.3','area',16009,2),(19961,'阿克陶县','16009.2','area',16009,2),(19960,'阿图什市','16009.1','area',16009,2),(19959,'克孜勒苏柯尔克孜自治州','16009','area',16009,1),(19958,'柯坪县','16008.9','area',16009,2),(19957,'阿瓦提县','16008.8','area',16009,2),(19956,'乌什县','16008.7','area',16009,2),(19955,'拜城县','16008.6','area',16009,2),(19954,'新和县','16008.5','area',16009,2),(19953,'沙雅县','16008.4','area',16008,2),(19952,'库车县','16008.3','area',16008,2),(19951,'温宿县','16008.2','area',16008,2),(19950,'阿克苏市','16008.1','area',16008,2),(19949,'阿克苏地区','16008','area',16008,1),(19948,'博湖县','16007.9','area',16008,2),(19947,'和硕县','16007.8','area',16008,2),(19946,'和静县','16007.7','area',16008,2),(19945,'焉耆回族自治县','16007.6','area',16008,2),(19944,'且末县','16007.5','area',16008,2),(19943,'若羌县','16007.4','area',16007,2),(19942,'尉犁县','16007.3','area',16007,2),(19941,'轮台县','16007.2','area',16007,2),(19940,'库尔勒市','16007.1','area',16007,2),(19939,'巴音郭楞蒙古自治州','16007','area',16007,1),(19938,'温泉县','16006.3','area',16006,2),(19937,'精河县','16006.2','area',16006,2),(19936,'博乐市','16006.1','area',16006,2),(19935,'博尔塔拉蒙古自治州','16006','area',16006,1),(19934,'木垒哈萨克自治县','16005.8','area',16006,2),(19933,'吉木萨尔县','16005.7','area',16006,2),(19932,'奇台县','16005.6','area',16006,2),(19931,'玛纳斯县','16005.5','area',16006,2),(19930,'呼图壁县','16005.4','area',16005,2),(19929,'米泉市','16005.3','area',16005,2),(19928,'阜康市','16005.2','area',16005,2),(19927,'昌吉市','16005.1','area',16005,2),(19926,'昌吉回族自治州','16005','area',16005,1),(19925,'伊吾县','16004.3','area',16004,2),(19924,'巴里坤哈萨克自治县','16004.2','area',16004,2),(19923,'哈密市','16004.1','area',16004,2),(19922,'哈密地区','16004','area',16004,1),(19921,'托克逊县','16003.3','area',16003,2),(19920,'鄯善县','16003.2','area',16003,2),(19919,'吐鲁番市','16003.1','area',16003,2),(19918,'吐鲁番地区','16003','area',16003,1),(19917,'乌尔禾区','16002.4','area',16002,2),(19916,'白碱滩区','16002.3','area',16002,2),(19915,'克拉玛依区','16002.2','area',16002,2),(19914,'独山子区','16002.1','area',16002,2),(19913,'克拉玛依市','16002','area',16002,1),(19912,'乌鲁木齐县','16001.8','area',16002,2),(19911,'东山区','16001.7','area',16002,2),(19910,'达坂城区','16001.6','area',16002,2),(19909,'头屯河区','16001.5','area',16002,2),(19908,'水磨沟区','16001.4','area',16001,2),(19907,'新市区','16001.3','area',16001,2),(19906,'沙依巴克区','16001.2','area',16001,2),(19905,'天山区','16001.1','area',16001,2),(19904,'乌鲁木齐市','16001','area',16001,1),(19903,'新疆维吾尔自治区','16000','area',16000,0),(19902,'海原县','15505.3','area',15505,2),(19901,'中宁县','15505.2','area',15505,2),(19900,'沙坡头区','15505.1','area',15505,2),(19899,'中卫市','15505','area',15505,1),(19898,'彭阳县','15504.5','area',15505,2),(19897,'泾源县','15504.4','area',15504,2),(19896,'隆德县','15504.3','area',15504,2),(19895,'西吉县','15504.2','area',15504,2),(19894,'原州区','15504.1','area',15504,2),(19893,'固原市','15504','area',15504,1),(19892,'青铜峡市','15503.4','area',15503,2),(19891,'同心县','15503.3','area',15503,2),(19890,'盐池县','15503.2','area',15503,2),(19889,'利通区','15503.1','area',15503,2),(19888,'吴忠市','15503','area',15503,1),(19887,'平罗县','15502.3','area',15502,2),(19886,'惠农区','15502.2','area',15502,2),(19885,'大武口区','15502.1','area',15502,2),(19884,'石嘴山市','15502','area',15502,1),(19883,'灵武市','15501.6','area',15502,2),(19882,'贺兰县','15501.5','area',15502,2),(19881,'永宁县','15501.4','area',15501,2),(19880,'金凤区','15501.3','area',15501,2),(19879,'西夏区','15501.2','area',15501,2),(19878,'兴庆区','15501.1','area',15501,2),(19877,'银川市','15501','area',15501,1),(19876,'宁夏回族自治区','15500','area',15500,0),(19875,'天峻县','15008.5','area',15009,2),(19874,'都兰县','15008.4','area',15008,2),(19873,'乌兰县','15008.3','area',15008,2),(19872,'德令哈市','15008.2','area',15008,2),(19871,'格尔木市','15008.1','area',15008,2),(19870,'海西蒙古族藏族自治州','15008','area',15008,1),(19869,'曲麻莱县','15007.6','area',15008,2),(19868,'囊谦县','15007.5','area',15008,2),(19867,'治多县','15007.4','area',15007,2),(19866,'称多县','15007.3','area',15007,2),(19865,'杂多县','15007.2','area',15007,2),(19864,'玉树县','15007.1','area',15007,2),(19863,'玉树藏族自治州','15007','area',15007,1),(19862,'玛多县','15006.6','area',15007,2),(19861,'久治县','15006.5','area',15007,2),(19860,'达日县','15006.4','area',15006,2),(19859,'甘德县','15006.3','area',15006,2),(19858,'班玛县','15006.2','area',15006,2),(19857,'玛沁县','15006.1','area',15006,2),(19856,'果洛藏族自治州','15006','area',15006,1),(19855,'贵南县','15005.5','area',15006,2),(19854,'兴海县','15005.4','area',15005,2),(19853,'贵德县','15005.3','area',15005,2),(19852,'同德县','15005.2','area',15005,2),(19851,'共和县','15005.1','area',15005,2),(19850,'海南藏族自治州','15005','area',15005,1),(19849,'河南蒙古族自治县','15004.4','area',15004,2),(19848,'泽库县','15004.3','area',15004,2),(19847,'尖扎县','15004.2','area',15004,2),(19846,'同仁县','15004.1','area',15004,2),(19845,'黄南藏族自治州','15004','area',15004,1),(19844,'刚察县','15003.4','area',15003,2),(19843,'海晏县','15003.3','area',15003,2),(19842,'祁连县','15003.2','area',15003,2),(19841,'门源回族自治县','15003.1','area',15003,2),(19840,'海北藏族自治州','15003','area',15003,1),(19839,'循化撒拉族自治县','15002.6','area',15003,2),(19838,'化隆回族自治县','15002.5','area',15003,2),(19837,'互助土族自治县','15002.4','area',15002,2),(19836,'乐都县','15002.3','area',15002,2),(19835,'民和回族土族自治县','15002.2','area',15002,2),(19834,'平安县','15002.1','area',15002,2),(19833,'海东地区','15002','area',15002,1),(19832,'湟源县','15001.7','area',15002,2),(19831,'湟中县','15001.6','area',15002,2),(19830,'大通回族土族自治县','15001.5','area',15002,2),(19829,'城北区','15001.4','area',15001,2),(19828,'城西区','15001.3','area',15001,2),(19827,'城中区','15001.2','area',15001,2),(19826,'城东区','15001.1','area',15001,2),(19825,'西宁市','15001','area',15001,1),(19824,'青海省','15000','area',15000,0),(19823,'夏河县','14514.8','area',14515,2),(19822,'碌曲县','14514.7','area',14515,2),(19821,'玛曲县','14514.6','area',14515,2),(19820,'迭部县','14514.5','area',14515,2),(19819,'舟曲县','14514.4','area',14514,2),(19818,'卓尼县','14514.3','area',14514,2),(19817,'临潭县','14514.2','area',14514,2),(19816,'合作市','14514.1','area',14514,2),(19815,'甘南藏族自治州','14514','area',14514,1),(19814,'积石山保安族东乡族撒拉族自治县','14513.8','area',14514,2),(19813,'东乡族自治县','14513.7','area',14514,2),(19812,'和政县','14513.6','area',14514,2),(19811,'广河县','14513.5','area',14514,2),(19810,'永靖县','14513.4','area',14513,2),(19809,'康乐县','14513.3','area',14513,2),(19808,'临夏县','14513.2','area',14513,2),(19807,'临夏市','14513.1','area',14513,2),(19806,'临夏回族自治州','14513','area',14513,1),(19805,'两当县','14512.9','area',14513,2),(19804,'徽　县','14512.8','area',14513,2),(19803,'礼　县','14512.7','area',14513,2),(19802,'西和县','14512.6','area',14513,2),(19801,'康　县','14512.5','area',14513,2),(19800,'宕昌县','14512.4','area',14512,2),(19799,'文　县','14512.3','area',14512,2),(19798,'成　县','14512.2','area',14512,2),(19797,'武都区','14512.1','area',14512,2),(19796,'陇南市','14512','area',14512,1),(19795,'岷　县','14511.7','area',14512,2),(19794,'漳　县','14511.6','area',14512,2),(19793,'临洮县','14511.5','area',14512,2),(19792,'渭源县','14511.4','area',14511,2),(19791,'陇西县','14511.3','area',14511,2),(19790,'通渭县','14511.2','area',14511,2),(19789,'安定区','14511.1','area',14511,2),(19788,'定西市','14511','area',14511,1),(19787,'镇原县','14510.8','area',14511,2),(19786,'宁　县','14510.7','area',14511,2),(19785,'正宁县','14510.6','area',14511,2),(19784,'合水县','14510.5','area',14511,2),(19783,'华池县','14510.4','area',14510,2),(19782,'环　县','14510.3','area',14510,2),(19781,'庆城县','14510.2','area',14510,2),(19780,'西峰区','14510.1','area',14510,2),(19779,'庆阳市','14510','area',14510,1),(19778,'敦煌市','14509.7','area',14510,2),(19777,'玉门市','14509.6','area',14510,2),(19776,'阿克塞哈萨克族自治县','14509.5','area',14510,2),(19775,'肃北蒙古族自治县','14509.4','area',14509,2),(19774,'安西县','14509.3','area',14509,2),(19773,'金塔县','14509.2','area',14509,2),(19772,'肃州区','14509.1','area',14509,2),(19771,'酒泉市','14509','area',14509,1),(19770,'静宁县','14508.7','area',14509,2),(19769,'庄浪县','14508.6','area',14509,2),(19768,'华亭县','14508.5','area',14509,2),(19767,'崇信县','14508.4','area',14508,2),(19766,'灵台县','14508.3','area',14508,2),(19765,'泾川县','14508.2','area',14508,2),(19764,'崆峒区','14508.1','area',14508,2),(19763,'平凉市','14508','area',14508,1),(19762,'山丹县','14507.6','area',14508,2),(19761,'高台县','14507.5','area',14508,2),(19760,'临泽县','14507.4','area',14507,2),(19759,'民乐县','14507.3','area',14507,2),(19758,'肃南裕固族自治县','14507.2','area',14507,2),(19757,'甘州区','14507.1','area',14507,2),(19756,'张掖市','14507','area',14507,1),(19755,'天祝藏族自治县','14506.4','area',14506,2),(19754,'古浪县','14506.3','area',14506,2),(19753,'民勤县','14506.2','area',14506,2),(19752,'凉州区','14506.1','area',14506,2),(19751,'武威市','14506','area',14506,1),(19750,'张家川回族自治县','14505.7','area',14506,2),(19749,'武山县','14505.6','area',14506,2),(19748,'甘谷县','14505.5','area',14506,2),(19747,'秦安县','14505.4','area',14505,2),(19746,'清水县','14505.3','area',14505,2),(19745,'北道区','14505.2','area',14505,2),(19744,'秦城区','14505.1','area',14505,2),(19743,'天水市','14505','area',14505,1),(19742,'景泰县','14504.5','area',14505,2),(19741,'会宁县','14504.4','area',14504,2),(19740,'靖远县','14504.3','area',14504,2),(19739,'平川区','14504.2','area',14504,2),(19738,'白银区','14504.1','area',14504,2),(19737,'白银市','14504','area',14504,1),(19736,'永昌县','14503.2','area',14503,2),(19735,'金川区','14503.1','area',14503,2),(19734,'金昌市','14503','area',14503,1),(19733,'嘉峪关市','14502','area',14502,1),(19732,'榆中县','14501.8','area',14502,2),(19731,'皋兰县','14501.7','area',14502,2),(19730,'永登县','14501.6','area',14502,2),(19729,'红古区','14501.5','area',14502,2),(19728,'安宁区','14501.4','area',14501,2),(19727,'西固区','14501.3','area',14501,2),(19726,'七里河区','14501.2','area',14501,2),(19725,'城关区','14501.1','area',14501,2),(19724,'兰州市','14501','area',14501,1),(19723,'甘肃省','14500','area',14500,0),(19722,'柞水县','14010.7','area',14011,2),(19721,'镇安县','14010.6','area',14011,2),(19720,'山阳县','14010.5','area',14011,2),(19719,'商南县','14010.4','area',14010,2),(19718,'丹凤县','14010.3','area',14010,2),(19717,'洛南县','14010.2','area',14010,2),(19716,'商州区','14010.1','area',14010,2),(19715,'商洛市','14010','area',14010,1),(19714,'白河县','14009.10','area',14009,2),(19713,'旬阳县','14009.9','area',14010,2),(19712,'镇坪县','14009.8','area',14010,2),(19711,'平利县','14009.7','area',14010,2),(19710,'岚皋县','14009.6','area',14010,2),(19709,'紫阳县','14009.5','area',14010,2),(19708,'宁陕县','14009.4','area',14009,2),(19707,'石泉县','14009.3','area',14009,2),(19706,'汉阴县','14009.2','area',14009,2),(19705,'汉滨区','14009.1','area',14009,2),(19704,'安康市','14009','area',14009,1),(19703,'子洲县','14008.12','area',14008,2),(19702,'清涧县','14008.11','area',14008,2),(19701,'吴堡县','14008.10','area',14008,2),(19700,'佳　县','14008.9','area',14009,2),(19699,'米脂县','14008.8','area',14009,2),(19698,'绥德县','14008.7','area',14009,2),(19697,'定边县','14008.6','area',14009,2),(19696,'靖边县','14008.5','area',14009,2),(19695,'横山县','14008.4','area',14008,2),(19694,'府谷县','14008.3','area',14008,2),(19693,'神木县','14008.2','area',14008,2),(19692,'榆阳区','14008.1','area',14008,2),(19691,'榆林市','14008','area',14008,1),(19690,'佛坪县','14007.11','area',14007,2),(19689,'留坝县','14007.10','area',14007,2),(19688,'镇巴县','14007.9','area',14008,2),(19687,'略阳县','14007.8','area',14008,2),(19686,'宁强县','14007.7','area',14008,2),(19685,'勉　县','14007.6','area',14008,2),(19684,'西乡县','14007.5','area',14008,2),(19683,'洋　县','14007.4','area',14007,2),(19682,'城固县','14007.3','area',14007,2),(19681,'南郑县','14007.2','area',14007,2),(19680,'汉台区','14007.1','area',14007,2),(19679,'汉中市','14007','area',14007,1),(19678,'黄陵县','14006.13','area',14006,2),(19677,'黄龙县','14006.12','area',14006,2),(19676,'宜川县','14006.11','area',14006,2),(19675,'洛川县','14006.10','area',14006,2),(19674,'富　县','14006.9','area',14007,2),(19673,'甘泉县','14006.8','area',14007,2),(19672,'吴旗县','14006.7','area',14007,2),(19671,'志丹县','14006.6','area',14007,2),(19670,'安塞县','14006.5','area',14007,2),(19669,'子长县','14006.4','area',14006,2),(19668,'延川县','14006.3','area',14006,2),(19667,'延长县','14006.2','area',14006,2),(19666,'宝塔区','14006.1','area',14006,2),(19665,'延安市','14006','area',14006,1),(19664,'华阴市','14005.11','area',14005,2),(19663,'韩城市','14005.10','area',14005,2),(19662,'富平县','14005.9','area',14006,2),(19661,'白水县','14005.8','area',14006,2),(19660,'蒲城县','14005.7','area',14006,2),(19659,'澄城县','14005.6','area',14006,2),(19658,'合阳县','14005.5','area',14006,2),(19657,'大荔县','14005.4','area',14005,2),(19656,'潼关县','14005.3','area',14005,2),(19655,'华　县','14005.2','area',14005,2),(19654,'临渭区','14005.1','area',14005,2),(19653,'渭南市','14005','area',14005,1),(19652,'兴平市','14004.14','area',14004,2),(19651,'武功县','14004.13','area',14004,2),(19650,'淳化县','14004.12','area',14004,2),(19649,'旬邑县','14004.11','area',14004,2),(19648,'长武县','14004.10','area',14004,2),(19647,'彬　县','14004.9','area',14005,2),(19646,'永寿县','14004.8','area',14005,2),(19645,'礼泉县','14004.7','area',14005,2),(19644,'乾　县','14004.6','area',14005,2),(19643,'泾阳县','14004.5','area',14005,2),(19642,'三原县','14004.4','area',14004,2),(19641,'渭城区','14004.3','area',14004,2),(19640,'杨凌区','14004.2','area',14004,2),(19639,'秦都区','14004.1','area',14004,2),(19638,'咸阳市','14004','area',14004,1),(19637,'太白县','14003.12','area',14003,2),(19636,'凤　县','14003.11','area',14003,2),(19635,'麟游县','14003.10','area',14003,2),(19634,'千阳县','14003.9','area',14004,2),(19633,'陇　县','14003.8','area',14004,2),(19632,'眉　县','14003.7','area',14004,2),(19631,'扶风县','14003.6','area',14004,2),(19630,'岐山县','14003.5','area',14004,2),(19629,'凤翔县','14003.4','area',14003,2),(19628,'陈仓区','14003.3','area',14003,2),(19627,'金台区','14003.2','area',14003,2),(19626,'滨区','14003.1','area',14003,2),(19625,'宝鸡市','14003','area',14003,1),(19624,'宜君县','14002.4','area',14002,2),(19623,'耀州区','14002.3','area',14002,2),(19622,'印台区','14002.2','area',14002,2),(19621,'王益区','14002.1','area',14002,2),(19620,'铜川市','14002','area',14002,1),(19619,'高陵县','14001.13','area',14001,2),(19618,'户　县','14001.12','area',14001,2),(19617,'周至县','14001.11','area',14001,2),(19616,'蓝田县','14001.10','area',14001,2),(19615,'长安区','14001.9','area',14002,2),(19614,'临潼区','14001.8','area',14002,2),(19613,'阎良区','14001.7','area',14002,2),(19612,'雁塔区','14001.6','area',14002,2),(19611,'未央区','14001.5','area',14002,2),(19610,'灞桥区','14001.4','area',14001,2),(19609,'莲湖区','14001.3','area',14001,2),(19608,'碑林区','14001.2','area',14001,2),(19607,'新城区','14001.1','area',14001,2),(19606,'西安市','14001','area',14001,1),(19605,'陕西省','14000','area',14000,0),(19604,'朗　县','13507.7','area',13508,2),(19603,'察隅县','13507.6','area',13508,2),(19602,'波密县','13507.5','area',13508,2),(19601,'墨脱县','13507.4','area',13507,2),(19600,'米林县','13507.3','area',13507,2),(19599,'工布江达县','13507.2','area',13507,2),(19598,'林芝县','13507.1','area',13507,2),(19597,'林芝地区','13507','area',13507,1),(19596,'措勤县','13506.7','area',13507,2),(19595,'改则县','13506.6','area',13507,2),(19594,'革吉县','13506.5','area',13507,2),(19593,'日土县','13506.4','area',13506,2),(19592,'噶尔县','13506.3','area',13506,2),(19591,'札达县','13506.2','area',13506,2),(19590,'普兰县','13506.1','area',13506,2),(19589,'阿里地区','13506','area',13506,1),(19588,'尼玛县','13505.10','area',13505,2),(19587,'巴青县','13505.9','area',13506,2),(19586,'班戈县','13505.8','area',13506,2),(19585,'索　县','13505.7','area',13506,2),(19584,'申扎县','13505.6','area',13506,2),(19583,'安多县','13505.5','area',13506,2),(19582,'聂荣县','13505.4','area',13505,2),(19581,'比如县','13505.3','area',13505,2),(19580,'嘉黎县','13505.2','area',13505,2),(19579,'那曲县','13505.1','area',13505,2),(19578,'那曲地区','13505','area',13505,1),(19577,'岗巴县','13504.18','area',13504,2),(19576,'萨嘎县','13504.17','area',13504,2),(19575,'聂拉木县','13504.16','area',13504,2),(19574,'吉隆县','13504.15','area',13504,2),(19573,'亚东县','13504.14','area',13504,2),(19572,'仲巴县','13504.13','area',13504,2),(19571,'定结县','13504.12','area',13504,2),(19570,'康马县','13504.11','area',13504,2),(19569,'仁布县','13504.10','area',13504,2),(19568,'白朗县','13504.9','area',13505,2),(19567,'谢通门县','13504.8','area',13505,2),(19566,'昂仁县','13504.7','area',13505,2),(19565,'拉孜县','13504.6','area',13505,2),(19564,'萨迦县','13504.5','area',13505,2),(19563,'定日县','13504.4','area',13504,2),(19562,'江孜县','13504.3','area',13504,2),(19561,'南木林县','13504.2','area',13504,2),(19560,'日喀则市','13504.1','area',13504,2),(19559,'日喀则地区','13504','area',13504,1),(19558,'浪卡子县','13503.12','area',13503,2),(19557,'错那县','13503.11','area',13503,2),(19556,'隆子县','13503.10','area',13503,2),(19555,'加查县','13503.9','area',13504,2),(19554,'洛扎县','13503.8','area',13504,2),(19553,'措美县','13503.7','area',13504,2),(19552,'曲松县','13503.6','area',13504,2),(19551,'琼结县','13503.5','area',13504,2),(19550,'桑日县','13503.4','area',13503,2),(19549,'贡嘎县','13503.3','area',13503,2),(19548,'扎囊县','13503.2','area',13503,2),(19547,'乃东县','13503.1','area',13503,2),(19546,'山南地区','13503','area',13503,1),(19545,'边坝县','13502.11','area',13502,2),(19544,'洛隆县','13502.10','area',13502,2),(19543,'芒康县','13502.9','area',13503,2),(19542,'左贡县','13502.8','area',13503,2),(19541,'八宿县','13502.7','area',13503,2),(19540,'察雅县','13502.6','area',13503,2),(19539,'丁青县','13502.5','area',13503,2),(19538,'类乌齐县','13502.4','area',13502,2),(19537,'贡觉县','13502.3','area',13502,2),(19536,'江达县','13502.2','area',13502,2),(19535,'昌都县','13502.1','area',13502,2),(19534,'昌都地区','13502','area',13502,1),(19533,'墨竹工卡县','13501.8','area',13502,2),(19532,'达孜县','13501.7','area',13502,2),(19531,'堆龙德庆县','13501.6','area',13502,2),(19530,'曲水县','13501.5','area',13502,2),(19529,'尼木县','13501.4','area',13501,2),(19528,'当雄县','13501.3','area',13501,2),(19527,'林周县','13501.2','area',13501,2),(19526,'城关区','13501.1','area',13501,2),(19525,'拉萨市','13501','area',13501,1),(19524,'西藏自治区','13500','area',13500,0),(19523,'维西傈僳族自治县','13016.3','area',13016,2),(19522,'德钦县','13016.2','area',13016,2),(19521,'香格里拉县','13016.1','area',13016,2),(19520,'迪庆藏族自治州','13016','area',13016,1),(19519,'兰坪白族普米族自治县','13015.4','area',13015,2),(19518,'贡山独龙族怒族自治县','13015.3','area',13015,2),(19517,'福贡县','13015.2','area',13015,2),(19516,'泸水县','13015.1','area',13015,2),(19515,'怒江傈僳族自治州','13015','area',13015,1),(19514,'陇川县','13014.5','area',13015,2),(19513,'盈江县','13014.4','area',13014,2),(19512,'梁河县','13014.3','area',13014,2),(19511,'潞西市','13014.2','area',13014,2),(19510,'瑞丽市','13014.1','area',13014,2),(19509,'德宏傣族景颇族自治州','13014','area',13014,1),(19508,'鹤庆县','13013.12','area',13013,2),(19507,'剑川县','13013.11','area',13013,2),(19506,'洱源县','13013.10','area',13013,2),(19505,'云龙县','13013.9','area',13014,2),(19504,'永平县','13013.8','area',13014,2),(19503,'巍山彝族回族自治县','13013.7','area',13014,2),(19502,'南涧彝族自治县','13013.6','area',13014,2),(19501,'弥渡县','13013.5','area',13014,2),(19500,'宾川县','13013.4','area',13013,2),(19499,'祥云县','13013.3','area',13013,2),(19498,'漾濞彝族自治县','13013.2','area',13013,2),(19497,'大理市','13013.1','area',13013,2),(19496,'大理白族自治州','13013','area',13013,1),(19495,'勐腊县','13012.3','area',13012,2),(19494,'勐海县','13012.2','area',13012,2),(19493,'景洪市','13012.1','area',13012,2),(19492,'西双版纳傣族自治州','13012','area',13012,1),(19491,'富宁县','13011.8','area',13012,2),(19490,'广南县','13011.7','area',13012,2),(19489,'丘北县','13011.6','area',13012,2),(19488,'马关县','13011.5','area',13012,2),(19487,'麻栗坡县','13011.4','area',13011,2),(19486,'西畴县','13011.3','area',13011,2),(19485,'砚山县','13011.2','area',13011,2),(19484,'文山县','13011.1','area',13011,2),(19483,'文山壮族苗族自治州','13011','area',13011,1),(19482,'河口瑶族自治县','13010.12','area',13010,2),(19481,'绿春县','13010.11','area',13010,2),(19480,'金平苗族瑶族傣族自治县','13010.10','area',13010,2),(19479,'元阳县','13010.9','area',13011,2),(19478,'泸西县','13010.8','area',13011,2),(19477,'弥勒县','13010.7','area',13011,2),(19476,'石屏县','13010.6','area',13011,2),(19475,'建水县','13010.5','area',13011,2),(19474,'屏边苗族自治县','13010.4','area',13010,2),(19473,'蒙自县','13010.3','area',13010,2),(19472,'开远市','13010.2','area',13010,2),(19471,'个旧市','13010.1','area',13010,2),(19470,'红河哈尼族彝族自治州','13010','area',13010,1),(19469,'禄丰县','13009.10','area',13009,2),(19468,'武定县','13009.9','area',13010,2),(19467,'元谋县','13009.8','area',13010,2),(19466,'永仁县','13009.7','area',13010,2),(19465,'大姚县','13009.6','area',13010,2),(19464,'姚安县','13009.5','area',13010,2),(19463,'南华县','13009.4','area',13009,2),(19462,'牟定县','13009.3','area',13009,2),(19461,'双柏县','13009.2','area',13009,2),(19460,'楚雄市','13009.1','area',13009,2),(19459,'楚雄彝族自治州','13009','area',13009,1),(19458,'沧源佤族自治县','13008.8','area',13009,2),(19457,'耿马傣族佤族自治县','13008.7','area',13009,2),(19456,'双江拉祜族佤族布朗族傣族自治县','13008.6','area',13009,2),(19455,'镇康县','13008.5','area',13009,2),(19454,'永德县','13008.4','area',13008,2),(19453,'云　县','13008.3','area',13008,2),(19452,'凤庆县','13008.2','area',13008,2),(19451,'临翔区','13008.1','area',13008,2),(19450,'临沧市','13008','area',13008,1),(19449,'西盟佤族自治县','13007.10','area',13007,2),(19448,'澜沧拉祜族自治县','13007.9','area',13008,2),(19447,'孟连傣族拉祜族佤族自治县','13007.8','area',13008,2),(19446,'江城哈尼族彝族自治县','13007.7','area',13008,2),(19445,'镇沅彝族哈尼族拉祜族自治县','13007.6','area',13008,2),(19444,'景谷傣族彝族自治县','13007.5','area',13008,2),(19443,'景东彝族自治县','13007.4','area',13007,2),(19442,'墨江哈尼族自治县','13007.3','area',13007,2),(19441,'普洱哈尼族彝族自治县','13007.2','area',13007,2),(19440,'翠云区','13007.1','area',13007,2),(19439,'思茅市','13007','area',13007,1),(19438,'宁蒗彝族自治县','13006.5','area',13007,2),(19437,'华坪县','13006.4','area',13006,2),(19436,'永胜县','13006.3','area',13006,2),(19435,'玉龙纳西族自治县','13006.2','area',13006,2),(19434,'古城区','13006.1','area',13006,2),(19433,'丽江市','13006','area',13006,1),(19432,'水富县','13005.11','area',13005,2),(19431,'威信县','13005.10','area',13005,2),(19430,'彝良县','13005.9','area',13006,2),(19429,'镇雄县','13005.8','area',13006,2),(19428,'绥江县','13005.7','area',13006,2),(19427,'永善县','13005.6','area',13006,2),(19426,'大关县','13005.5','area',13006,2),(19425,'盐津县','13005.4','area',13005,2),(19424,'巧家县','13005.3','area',13005,2),(19423,'鲁甸县','13005.2','area',13005,2),(19422,'昭阳区','13005.1','area',13005,2),(19421,'昭通市','13005','area',13005,1),(19420,'昌宁县','13004.5','area',13005,2),(19419,'龙陵县','13004.4','area',13004,2),(19418,'腾冲县','13004.3','area',13004,2),(19417,'施甸县','13004.2','area',13004,2),(19416,'隆阳区','13004.1','area',13004,2),(19415,'保山市','13004','area',13004,1),(19414,'元江哈尼族彝族傣族自治县','13003.9','area',13004,2),(19413,'新平彝族傣族自治县','13003.8','area',13004,2),(19412,'峨山彝族自治县','13003.7','area',13004,2),(19411,'易门县','13003.6','area',13004,2),(19410,'华宁县','13003.5','area',13004,2),(19409,'通海县','13003.4','area',13003,2),(19408,'澄江县','13003.3','area',13003,2),(19407,'江川县','13003.2','area',13003,2),(19406,'红塔区','13003.1','area',13003,2),(19405,'玉溪市','13003','area',13003,1),(19404,'宣威市','13002.9','area',13003,2),(19403,'沾益县','13002.8','area',13003,2),(19402,'会泽县','13002.7','area',13003,2),(19401,'富源县','13002.6','area',13003,2),(19400,'罗平县','13002.5','area',13003,2),(19399,'师宗县','13002.4','area',13002,2),(19398,'陆良县','13002.3','area',13002,2),(19397,'马龙县','13002.2','area',13002,2),(19396,'麒麟区','13002.1','area',13002,2),(19395,'曲靖市','13002','area',13002,1),(19394,'安宁市','13001.14','area',13001,2),(19393,'寻甸回族彝族自治县','13001.13','area',13001,2),(19392,'禄劝彝族苗族自治县','13001.12','area',13001,2),(19391,'嵩明县','13001.11','area',13001,2),(19390,'石林彝族自治县','13001.10','area',13001,2),(19389,'宜良县','13001.9','area',13002,2),(19388,'富民县','13001.8','area',13002,2),(19387,'晋宁县','13001.7','area',13002,2),(19386,'呈贡县','13001.6','area',13002,2),(19385,'东川区','13001.5','area',13002,2),(19384,'西山区','13001.4','area',13001,2),(19383,'官渡区','13001.3','area',13001,2),(19382,'盘龙区','13001.2','area',13001,2),(19381,'五华区','13001.1','area',13001,2),(19380,'昆明市','13001','area',13001,1),(19379,'云南省','13000','area',13000,0),(19378,'三都水族自治县','12509.12','area',12509,2),(19377,'惠水县','12509.11','area',12509,2),(19376,'龙里县','12509.10','area',12509,2),(19375,'长顺县','12509.9','area',12510,2),(19374,'罗甸县','12509.8','area',12510,2),(19373,'平塘县','12509.7','area',12510,2),(19372,'独山县','12509.6','area',12510,2),(19371,'瓮安县','12509.5','area',12510,2),(19370,'贵定县','12509.4','area',12509,2),(19369,'荔波县','12509.3','area',12509,2),(19368,'福泉市','12509.2','area',12509,2),(19367,'都匀市','12509.1','area',12509,2),(19366,'黔南布依族苗族自治州','12509','area',12509,1),(19365,'麻江县','12508.15','area',12508,2),(19364,'雷山县','12508.14','area',12508,2),(19363,'从江县','12508.13','area',12508,2),(19362,'榕江县','12508.12','area',12508,2),(19361,'黎平县','12508.11','area',12508,2),(19360,'台江县','12508.10','area',12508,2),(19359,'剑河县','12508.9','area',12509,2),(19358,'锦屏县','12508.8','area',12509,2),(19357,'天柱县','12508.7','area',12509,2),(19356,'岑巩县','12508.6','area',12509,2),(19355,'镇远县','12508.5','area',12509,2),(19354,'三穗县','12508.4','area',12508,2),(19353,'施秉县','12508.3','area',12508,2),(19352,'黄平县','12508.2','area',12508,2),(19351,'凯里市','12508.1','area',12508,2),(19350,'黔东南苗族侗族自治州','12508','area',12508,1),(19349,'赫章县','12507.8','area',12508,2),(19348,'威宁彝族回族苗族自治县','12507.7','area',12508,2),(19347,'纳雍县','12507.6','area',12508,2),(19346,'织金县','12507.5','area',12508,2),(19345,'金沙县','12507.4','area',12507,2),(19344,'黔西县','12507.3','area',12507,2),(19343,'大方县','12507.2','area',12507,2),(19342,'毕节市','12507.1','area',12507,2),(19341,'毕节地区','12507','area',12507,1),(19340,'安龙县','12506.8','area',12507,2),(19339,'册亨县','12506.7','area',12507,2),(19338,'望谟县','12506.6','area',12507,2),(19337,'贞丰县','12506.5','area',12507,2),(19336,'晴隆县','12506.4','area',12506,2),(19335,'普安县','12506.3','area',12506,2),(19334,'兴仁县','12506.2','area',12506,2),(19333,'兴义市','12506.1','area',12506,2),(19332,'黔西南布依族苗族自治州','12506','area',12506,1),(19331,'万山特区','12505.10','area',12505,2),(19330,'松桃苗族自治县','12505.9','area',12506,2),(19329,'沿河土家族自治县','12505.8','area',12506,2),(19328,'德江县','12505.7','area',12506,2),(19327,'印江土家族苗族自治县','12505.6','area',12506,2),(19326,'思南县','12505.5','area',12506,2),(19325,'石阡县','12505.4','area',12505,2),(19324,'玉屏侗族自治县','12505.3','area',12505,2),(19323,'江口县','12505.2','area',12505,2),(19322,'铜仁市','12505.1','area',12505,2),(19321,'铜仁地区','12505','area',12505,1),(19320,'紫云苗族布依族自治县','12504.6','area',12505,2),(19319,'关岭布依族苗族自治县','12504.5','area',12505,2),(19318,'镇宁布依族苗族自治县','12504.4','area',12504,2),(19317,'普定县','12504.3','area',12504,2),(19316,'平坝县','12504.2','area',12504,2),(19315,'西秀区','12504.1','area',12504,2),(19314,'安顺市','12504','area',12504,1),(19313,'仁怀市','12503.14','area',12503,2),(19312,'赤水市','12503.13','area',12503,2),(19311,'习水县','12503.12','area',12503,2),(19310,'余庆县','12503.11','area',12503,2),(19309,'湄潭县','12503.10','area',12503,2),(19308,'凤冈县','12503.9','area',12504,2),(19307,'务川仡佬族苗族自治县','12503.8','area',12504,2),(19306,'道真仡佬族苗族自治县','12503.7','area',12504,2),(19305,'正安县','12503.6','area',12504,2),(19304,'绥阳县','12503.5','area',12504,2),(19303,'桐梓县','12503.4','area',12503,2),(19302,'遵义县','12503.3','area',12503,2),(19301,'汇川区','12503.2','area',12503,2),(19300,'红花岗区','12503.1','area',12503,2),(19299,'遵义市','12503','area',12503,1),(19298,'盘　县','12502.4','area',12502,2),(19297,'水城县','12502.3','area',12502,2),(19296,'六枝特区','12502.2','area',12502,2),(19295,'钟山区','12502.1','area',12502,2),(19294,'六盘水市','12502','area',12502,1),(19293,'清镇市','12501.10','area',12501,2),(19292,'修文县','12501.9','area',12502,2),(19291,'息烽县','12501.8','area',12502,2),(19290,'开阳县','12501.7','area',12502,2),(19289,'小河区','12501.6','area',12502,2),(19288,'白云区','12501.5','area',12502,2),(19287,'乌当区','12501.4','area',12501,2),(19286,'花溪区','12501.3','area',12501,2),(19285,'云岩区','12501.2','area',12501,2),(19284,'南明区','12501.1','area',12501,2),(19283,'贵阳市','12501','area',12501,1),(19282,'贵州省','12500','area',12500,0),(19281,'雷波县','12021.17','area',12021,2),(19280,'美姑县','12021.16','area',12021,2),(19279,'甘洛县','12021.15','area',12021,2),(19278,'越西县','12021.14','area',12021,2),(19277,'冕宁县','12021.13','area',12021,2),(19276,'喜德县','12021.12','area',12021,2),(19275,'昭觉县','12021.11','area',12021,2),(19274,'金阳县','12021.10','area',12021,2),(19273,'布拖县','12021.9','area',12022,2),(19272,'普格县','12021.8','area',12022,2),(19271,'宁南县','12021.7','area',12022,2),(19270,'会东县','12021.6','area',12022,2),(19269,'会理县','12021.5','area',12022,2),(19268,'德昌县','12021.4','area',12021,2),(19267,'盐源县','12021.3','area',12021,2),(19266,'木里藏族自治县','12021.2','area',12021,2),(19265,'西昌市','12021.1','area',12021,2),(19264,'凉山彝族自治州','12021','area',12021,1),(19263,'得荣县','12020.18','area',12020,2),(19262,'稻城县','12020.17','area',12020,2),(19261,'乡城县','12020.16','area',12020,2),(19260,'巴塘县','12020.15','area',12020,2),(19259,'理塘县','12020.14','area',12020,2),(19258,'色达县','12020.13','area',12020,2),(19257,'石渠县','12020.12','area',12020,2),(19256,'白玉县','12020.11','area',12020,2),(19255,'德格县','12020.10','area',12020,2),(19254,'新龙县','12020.9','area',12021,2),(19253,'甘孜县','12020.8','area',12021,2),(19252,'炉霍县','12020.7','area',12021,2),(19251,'道孚县','12020.6','area',12021,2),(19250,'雅江县','12020.5','area',12021,2),(19249,'九龙县','12020.4','area',12020,2),(19248,'丹巴县','12020.3','area',12020,2),(19247,'泸定县','12020.2','area',12020,2),(19246,'康定县','12020.1','area',12020,2),(19245,'甘孜藏族自治州','12020','area',12020,1),(19244,'红原县','12019.13','area',12019,2),(19243,'若尔盖县','12019.12','area',12019,2),(19242,'阿坝县','12019.11','area',12019,2),(19241,'壤塘县','12019.10','area',12019,2),(19240,'马尔康县','12019.9','area',12020,2),(19239,'黑水县','12019.8','area',12020,2),(19238,'小金县','12019.7','area',12020,2),(19237,'金川县','12019.6','area',12020,2),(19236,'九寨沟县','12019.5','area',12020,2),(19235,'松潘县','12019.4','area',12019,2),(19234,'茂　县','12019.3','area',12019,2),(19233,'理　县','12019.2','area',12019,2),(19232,'汶川县','12019.1','area',12019,2),(19231,'阿坝藏族羌族自治州','12019','area',12019,1),(19230,'简阳市','12018.4','area',12018,2),(19229,'乐至县','12018.3','area',12018,2),(19228,'安岳县','12018.2','area',12018,2),(19227,'雁江区','12018.1','area',12018,2),(19226,'资阳市','12018','area',12018,1),(19225,'平昌县','12017.4','area',12017,2),(19224,'南江县','12017.3','area',12017,2),(19223,'通江县','12017.2','area',12017,2),(19222,'巴州区','12017.1','area',12017,2),(19221,'巴中市','12017','area',12017,1),(19220,'宝兴县','12016.8','area',12017,2),(19219,'芦山县','12016.7','area',12017,2),(19218,'天全县','12016.6','area',12017,2),(19217,'石棉县','12016.5','area',12017,2),(19216,'汉源县','12016.4','area',12016,2),(19215,'荥经县','12016.3','area',12016,2),(19214,'名山县','12016.2','area',12016,2),(19213,'雨城区','12016.1','area',12016,2),(19212,'雅安市','12016','area',12016,1),(19211,'万源市','12015.7','area',12016,2),(19210,'渠　县','12015.6','area',12016,2),(19209,'大竹县','12015.5','area',12016,2),(19208,'开江县','12015.4','area',12015,2),(19207,'宣汉县','12015.3','area',12015,2),(19206,'达　县','12015.2','area',12015,2),(19205,'通川区','12015.1','area',12015,2),(19204,'达州市','12015','area',12015,1),(19203,'华莹市','12014.5','area',12015,2),(19202,'邻水县','12014.4','area',12014,2),(19201,'武胜县','12014.3','area',12014,2),(19200,'岳池县','12014.2','area',12014,2),(19199,'广安区','12014.1','area',12014,2),(19198,'广安市','12014','area',12014,1),(19197,'屏山县','12013.10','area',12013,2),(19196,'兴文县','12013.9','area',12014,2),(19195,'筠连县','12013.8','area',12014,2),(19194,'珙　县','12013.7','area',12014,2),(19193,'高　县','12013.6','area',12014,2),(19192,'长宁县','12013.5','area',12014,2),(19191,'江安县','12013.4','area',12013,2),(19190,'南溪县','12013.3','area',12013,2),(19189,'宜宾县','12013.2','area',12013,2),(19188,'翠屏区','12013.1','area',12013,2),(19187,'宜宾市','12013','area',12013,1),(19186,'青神县','12012.6','area',12013,2),(19185,'丹棱县','12012.5','area',12013,2),(19184,'洪雅县','12012.4','area',12012,2),(19183,'彭山县','12012.3','area',12012,2),(19182,'仁寿县','12012.2','area',12012,2),(19181,'东坡区','12012.1','area',12012,2),(19180,'眉山市','12012','area',12012,1),(19179,'阆中市','12011.9','area',12012,2),(19178,'西充县','12011.8','area',12012,2),(19177,'仪陇县','12011.7','area',12012,2),(19176,'蓬安县','12011.6','area',12012,2),(19175,'营山县','12011.5','area',12012,2),(19174,'南部县','12011.4','area',12011,2),(19173,'嘉陵区','12011.3','area',12011,2),(19172,'高坪区','12011.2','area',12011,2),(19171,'顺庆区','12011.1','area',12011,2),(19170,'南充市','12011','area',12011,1),(19169,'峨眉山市','12010.11','area',12010,2),(19168,'马边彝族自治县','12010.10','area',12010,2),(19167,'峨边彝族自治县','12010.9','area',12011,2),(19166,'沐川县','12010.8','area',12011,2),(19165,'夹江县','12010.7','area',12011,2),(19164,'井研县','12010.6','area',12011,2),(19163,'犍为县','12010.5','area',12011,2),(19162,'金口河区','12010.4','area',12010,2),(19161,'五通桥区','12010.3','area',12010,2),(19160,'沙湾区','12010.2','area',12010,2),(19159,'市中区','12010.1','area',12010,2),(19158,'乐山市','12010','area',12010,1),(19157,'隆昌县','12009.5','area',12010,2),(19156,'资中县','12009.4','area',12009,2),(19155,'威远县','12009.3','area',12009,2),(19154,'东兴区','12009.2','area',12009,2),(19153,'市中区','12009.1','area',12009,2),(19152,'内江市','12009','area',12009,1),(19151,'大英县','12008.5','area',12009,2),(19150,'射洪县','12008.4','area',12008,2),(19149,'蓬溪县','12008.3','area',12008,2),(19148,'安居区','12008.2','area',12008,2),(19147,'船山区','12008.1','area',12008,2),(19146,'遂宁市','12008','area',12008,1),(19145,'苍溪县','12007.7','area',12008,2),(19144,'剑阁县','12007.6','area',12008,2),(19143,'青川县','12007.5','area',12008,2),(19142,'旺苍县','12007.4','area',12007,2),(19141,'朝天区','12007.3','area',12007,2),(19140,'元坝区','12007.2','area',12007,2),(19139,'市中区','12007.1','area',12007,2),(19138,'广元市','12007','area',12007,1),(19137,'江油市','12006.9','area',12007,2),(19136,'平武县','12006.8','area',12007,2),(19135,'北川羌族自治县','12006.7','area',12007,2),(19134,'梓潼县','12006.6','area',12007,2),(19133,'安　县','12006.5','area',12007,2),(19132,'盐亭县','12006.4','area',12006,2),(19131,'三台县','12006.3','area',12006,2),(19130,'游仙区','12006.2','area',12006,2),(19129,'涪城区','12006.1','area',12006,2),(19128,'绵阳市','12006','area',12006,1),(19127,'绵竹市','12005.6','area',12006,2),(19126,'什邡市','12005.5','area',12006,2),(19125,'广汉市','12005.4','area',12005,2),(19124,'罗江县','12005.3','area',12005,2),(19123,'中江县','12005.2','area',12005,2),(19122,'旌阳区','12005.1','area',12005,2),(19121,'德阳市','12005','area',12005,1),(19120,'古蔺县','12004.7','area',12005,2),(19119,'叙永县','12004.6','area',12005,2),(19118,'合江县','12004.5','area',12005,2),(19117,'泸　县','12004.4','area',12004,2),(19116,'龙马潭区','12004.3','area',12004,2),(19115,'纳溪区','12004.2','area',12004,2),(19114,'江阳区','12004.1','area',12004,2),(19113,'泸州市','12004','area',12004,1),(19112,'盐边县','12003.5','area',12004,2),(19111,'米易县','12003.4','area',12003,2),(19110,'仁和区','12003.3','area',12003,2),(19109,'西　区','12003.2','area',12003,2),(19108,'东　区','12003.1','area',12003,2),(19107,'攀枝花市','12003','area',12003,1),(19106,'富顺县','12002.6','area',12003,2),(19105,'荣　县','12002.5','area',12003,2),(19104,'沿滩区','12002.4','area',12002,2),(19103,'大安区','12002.3','area',12002,2),(19102,'贡井区','12002.2','area',12002,2),(19101,'自流井区','12002.1','area',12002,2),(19100,'自贡市','12002','area',12002,1),(19099,'崇州市','12001.19','area',12001,2),(19098,'邛崃市','12001.18','area',12001,2),(19097,'彭州市','12001.17','area',12001,2),(19096,'都江堰市','12001.16','area',12001,2),(19095,'新津县','12001.15','area',12001,2),(19094,'蒲江县','12001.14','area',12001,2),(19093,'大邑县','12001.13','area',12001,2),(19092,'郫　县','12001.12','area',12001,2),(19091,'双流县','12001.11','area',12001,2),(19090,'金堂县','12001.10','area',12001,2),(19089,'温江区','12001.9','area',12002,2),(19088,'新都区','12001.8','area',12002,2),(19087,'青白江区','12001.7','area',12002,2),(19086,'龙泉驿区','12001.6','area',12002,2),(19085,'成华区','12001.5','area',12002,2),(19084,'武侯区','12001.4','area',12001,2),(19083,'金牛区','12001.3','area',12001,2),(19082,'青羊区','12001.2','area',12001,2),(19081,'锦江区','12001.1','area',12001,2),(19080,'成都市','12001','area',12001,1),(19079,'四川省','12000','area',12000,0),(19078,'南川市','11540','area',11540,1),(19077,'永川市','11539','area',11539,1),(19076,'合川市','11538','area',11538,1),(19075,'江津市','11537','area',11537,1),(19074,'彭水苗族土家族自治县','11536','area',11536,1),(19073,'酉阳土家族苗族自治县','11535','area',11535,1),(19072,'秀山土家族苗族自治县','11534','area',11534,1),(19071,'石柱土家族自治县','11533','area',11533,1),(19070,'巫溪县','11532','area',11532,1),(19069,'巫山县','11531','area',11531,1),(19068,'奉节县','11530','area',11530,1),(19067,'云阳县','11529','area',11529,1),(19066,'开　县','11528','area',11528,1),(19065,'忠　县','11527','area',11527,1),(19064,'武隆县','11526','area',11526,1),(19063,'垫江县','11525','area',11525,1),(19062,'丰都县','11524','area',11524,1),(19061,'城口县','11523','area',11523,1),(19060,'梁平县','11522','area',11522,1),(19059,'璧山县','11521','area',11521,1),(19058,'荣昌县','11520','area',11520,1),(19057,'大足县','11519','area',11519,1),(19056,'铜梁县','11518','area',11518,1),(19055,'潼南县','11517','area',11517,1),(19054,'綦江县','11516','area',11516,1),(19053,'长寿区','11515','area',11515,1),(19052,'黔江区','11514','area',11514,1),(19051,'巴南区','11513','area',11513,1),(19050,'渝北区','11512','area',11512,1),(19049,'双桥区','11511','area',11511,1),(19048,'万盛区','11510','area',11510,1),(19047,'北碚区','11509','area',11509,1),(19046,'南岸区','11508','area',11508,1),(19045,'九龙坡区','11507','area',11507,1),(19044,'沙坪坝区','11506','area',11506,1),(19043,'江北区','11505','area',11505,1),(19042,'大渡口区','11504','area',11504,1),(19041,'渝中区','11503','area',11503,1),(19040,'涪陵区','11502','area',11502,1),(19039,'万州区','11501','area',11501,1),(19038,'重庆市','11500','area',11500,0),(19037,'中沙群岛的岛礁及其海域','11003.19','area',11003,2),(19036,'南沙群岛','11003.18','area',11003,2),(19035,'西沙群岛','11003.17','area',11003,2),(19034,'琼中黎族苗族自治县','11003.16','area',11003,2),(19033,'保亭黎族苗族自治县','11003.15','area',11003,2),(19032,'陵水黎族自治县','11003.14','area',11003,2),(19031,'乐东黎族自治县','11003.13','area',11003,2),(19030,'昌江黎族自治县','11003.12','area',11003,2),(19029,'白沙黎族自治县','11003.11','area',11003,2),(19028,'临高县','11003.10','area',11003,2),(19027,'澄迈县','11003.9','area',11004,2),(19026,'屯昌县','11003.8','area',11004,2),(19025,'定安县','11003.7','area',11004,2),(19024,'东方市','11003.6','area',11004,2),(19023,'万宁市','11003.5','area',11004,2),(19022,'文昌市','11003.4','area',11003,2),(19021,'儋州市','11003.3','area',11003,2),(19020,'琼海市','11003.2','area',11003,2),(19019,'五指山市','11003.1','area',11003,2),(19018,'省直辖县级行政单位','11003','area',11003,1),(19017,'三亚市','11002','area',11002,1),(19016,'美兰区','11001.4','area',11001,2),(19015,'琼山区','11001.3','area',11001,2),(19014,'龙华区','11001.2','area',11001,2),(19013,'秀英区','11001.1','area',11001,2),(19012,'海口市','11001','area',11001,1),(19011,'海南省','11000','area',11000,0),(19010,'凭祥市','10514.7','area',10515,2),(19009,'天等县','10514.6','area',10515,2),(19008,'大新县','10514.5','area',10515,2),(19007,'龙州县','10514.4','area',10514,2),(19006,'宁明县','10514.3','area',10514,2),(19005,'扶绥县','10514.2','area',10514,2),(19004,'江洲区','10514.1','area',10514,2),(19003,'崇左市','10514','area',10514,1),(19002,'合山市','10513.6','area',10514,2),(19001,'金秀瑶族自治县','10513.5','area',10514,2),(19000,'武宣县','10513.4','area',10513,2),(18999,'象州县','10513.3','area',10513,2),(18998,'忻城县','10513.2','area',10513,2),(18997,'兴宾区','10513.1','area',10513,2),(18996,'来宾市','10513','area',10513,1),(18995,'宜州市','10512.11','area',10512,2),(18994,'大化瑶族自治县','10512.10','area',10512,2),(18993,'都安瑶族自治县','10512.9','area',10513,2),(18992,'巴马瑶族自治县','10512.8','area',10513,2),(18991,'环江毛南族自治县','10512.7','area',10513,2),(18990,'罗城仫佬族自治县','10512.6','area',10513,2),(18989,'东兰县','10512.5','area',10513,2),(18988,'凤山县','10512.4','area',10512,2),(18987,'天峨县','10512.3','area',10512,2),(18986,'南丹县','10512.2','area',10512,2),(18985,'金城江区','10512.1','area',10512,2),(18984,'河池市','10512','area',10512,1),(18983,'富川瑶族自治县','10511.4','area',10511,2),(18982,'钟山县','10511.3','area',10511,2),(18981,'昭平县','10511.2','area',10511,2),(18980,'八步区','10511.1','area',10511,2),(18979,'贺州市','10511','area',10511,1),(18978,'隆林各族自治县','10510.12','area',10510,2),(18977,'西林县','10510.11','area',10510,2),(18976,'田林县','10510.10','area',10510,2),(18975,'乐业县','10510.9','area',10511,2),(18974,'凌云县','10510.8','area',10511,2),(18973,'那坡县','10510.7','area',10511,2),(18972,'靖西县','10510.6','area',10511,2),(18971,'德保县','10510.5','area',10511,2),(18970,'平果县','10510.4','area',10510,2),(18969,'田东县','10510.3','area',10510,2),(18968,'田阳县','10510.2','area',10510,2),(18967,'右江区','10510.1','area',10510,2),(18966,'百色市','10510','area',10510,1),(18965,'北流市','10509.6','area',10510,2),(18964,'兴业县','10509.5','area',10510,2),(18963,'博白县','10509.4','area',10509,2),(18962,'陆川县','10509.3','area',10509,2),(18961,'容　县','10509.2','area',10509,2),(18960,'玉州区','10509.1','area',10509,2),(18959,'玉林市','10509','area',10509,1),(18958,'桂平市','10508.5','area',10509,2),(18957,'平南县','10508.4','area',10508,2),(18956,'覃塘区','10508.3','area',10508,2),(18955,'港南区','10508.2','area',10508,2),(18954,'港北区','10508.1','area',10508,2),(18953,'贵港市','10508','area',10508,1),(18952,'浦北县','10507.4','area',10507,2),(18951,'灵山县','10507.3','area',10507,2),(18950,'钦北区','10507.2','area',10507,2),(18949,'钦南区','10507.1','area',10507,2),(18948,'钦州市','10507','area',10507,1),(18947,'东兴市','10506.4','area',10506,2),(18946,'上思县','10506.3','area',10506,2),(18945,'防城区','10506.2','area',10506,2),(18944,'港口区','10506.1','area',10506,2),(18943,'防城港市','10506','area',10506,1),(18942,'合浦县','10505.4','area',10505,2),(18941,'铁山港区','10505.3','area',10505,2),(18940,'银海区','10505.2','area',10505,2),(18939,'海城区','10505.1','area',10505,2),(18938,'北海市','10505','area',10505,1),(18937,'岑溪市','10504.7','area',10505,2),(18936,'蒙山县','10504.6','area',10505,2),(18935,'藤　县','10504.5','area',10505,2),(18934,'苍梧县','10504.4','area',10504,2),(18933,'长洲区','10504.3','area',10504,2),(18932,'蝶山区','10504.2','area',10504,2),(18931,'万秀区','10504.1','area',10504,2),(18930,'梧州市','10504','area',10504,1),(18929,'恭城瑶族自治县','10503.17','area',10503,2),(18928,'荔蒲县','10503.16','area',10503,2),(18927,'平乐县','10503.15','area',10503,2),(18926,'资源县','10503.14','area',10503,2),(18925,'龙胜各族自治县','10503.13','area',10503,2),(18924,'灌阳县','10503.12','area',10503,2),(18923,'永福县','10503.11','area',10503,2),(18922,'兴安县','10503.10','area',10503,2),(18921,'全州县','10503.9','area',10504,2),(18920,'灵川县','10503.8','area',10504,2),(18919,'临桂县','10503.7','area',10504,2),(18918,'阳朔县','10503.6','area',10504,2),(18917,'雁山区','10503.5','area',10504,2),(18916,'七星区','10503.4','area',10503,2),(18915,'象山区','10503.3','area',10503,2),(18914,'叠彩区','10503.2','area',10503,2),(18913,'秀峰区','10503.1','area',10503,2),(18912,'桂林市','10503','area',10503,1),(18911,'三江侗族自治县','10502.10','area',10502,2),(18910,'融水苗族自治县','10502.9','area',10503,2),(18909,'融安县','10502.8','area',10503,2),(18908,'鹿寨县','10502.7','area',10503,2),(18907,'柳城县','10502.6','area',10503,2),(18906,'柳江县','10502.5','area',10503,2),(18905,'柳北区','10502.4','area',10502,2),(18904,'柳南区','10502.3','area',10502,2),(18903,'鱼峰区','10502.2','area',10502,2),(18902,'城中区','10502.1','area',10502,2),(18901,'柳州市','10502','area',10502,1),(18900,'横　县','10501.12','area',10501,2),(18899,'宾阳县','10501.11','area',10501,2),(18898,'上林县','10501.10','area',10501,2),(18897,'马山县','10501.9','area',10502,2),(18896,'隆安县','10501.8','area',10502,2),(18895,'武鸣县','10501.7','area',10502,2),(18894,'邕宁区','10501.6','area',10502,2),(18893,'良庆区','10501.5','area',10502,2),(18892,'西乡塘区','10501.4','area',10501,2),(18891,'江南区','10501.3','area',10501,2),(18890,'青秀区','10501.2','area',10501,2),(18889,'兴宁区','10501.1','area',10501,2),(18888,'南宁市','10501','area',10501,1),(18887,'广西壮族自治区','10500','area',10500,0),(18886,'罗定市','10021.5','area',10022,2),(18885,'云安县','10021.4','area',10021,2),(18884,'郁南县','10021.3','area',10021,2),(18883,'新兴县','10021.2','area',10021,2),(18882,'云城区','10021.1','area',10021,2),(18881,'云浮市','10021','area',10021,1),(18880,'普宁市','10020.5','area',10021,2),(18879,'惠来县','10020.4','area',10020,2),(18878,'揭西县','10020.3','area',10020,2),(18877,'揭东县','10020.2','area',10020,2),(18876,'榕城区','10020.1','area',10020,2),(18875,'揭阳市','10020','area',10020,1),(18874,'饶平县','10019.2','area',10019,2),(18873,'潮安县','10019.1','area',10019,2),(18872,'潮州市','10019','area',10019,1),(18871,'中山市','10018','area',10018,1),(18870,'东莞市','10017','area',10017,1),(18869,'连州市','10016.8','area',10017,2),(18868,'英德市','10016.7','area',10017,2),(18867,'清新县','10016.6','area',10017,2),(18866,'连南瑶族自治县','10016.5','area',10017,2),(18865,'连山壮族瑶族自治县','10016.4','area',10016,2),(18864,'阳山县','10016.3','area',10016,2),(18863,'佛冈县','10016.2','area',10016,2),(18862,'清城区','10016.1','area',10016,2),(18861,'清远市','10016','area',10016,1),(18860,'阳春市','10015.4','area',10015,2),(18859,'阳东县','10015.3','area',10015,2),(18858,'阳西县','10015.2','area',10015,2),(18857,'江城区','10015.1','area',10015,2),(18856,'阳江市','10015','area',10015,1),(18855,'东源县','10014.6','area',10015,2),(18854,'和平县','10014.5','area',10015,2),(18853,'连平县','10014.4','area',10014,2),(18852,'龙川县','10014.3','area',10014,2),(18851,'紫金县','10014.2','area',10014,2),(18850,'源城区','10014.1','area',10014,2),(18849,'河源市','10014','area',10014,1),(18848,'陆丰市','10013.4','area',10013,2),(18847,'陆河县','10013.3','area',10013,2),(18846,'海丰县','10013.2','area',10013,2),(18845,'城　区','10013.1','area',10013,2),(18844,'汕尾市','10013','area',10013,1),(18843,'兴宁市','10012.8','area',10013,2),(18842,'蕉岭县','10012.7','area',10013,2),(18841,'平远县','10012.6','area',10013,2),(18840,'五华县','10012.5','area',10013,2),(18839,'丰顺县','10012.4','area',10012,2),(18838,'大埔县','10012.3','area',10012,2),(18837,'梅　县','10012.2','area',10012,2),(18836,'梅江区','10012.1','area',10012,2),(18835,'梅州市','10012','area',10012,1),(18834,'龙门县','10011.5','area',10012,2),(18833,'惠东县','10011.4','area',10011,2),(18832,'博罗县','10011.3','area',10011,2),(18831,'惠阳区','10011.2','area',10011,2),(18830,'惠城区','10011.1','area',10011,2),(18829,'惠州市','10011','area',10011,1),(18828,'四会市','10010.8','area',10011,2),(18827,'高要市','10010.7','area',10011,2),(18826,'德庆县','10010.6','area',10011,2),(18825,'封开县','10010.5','area',10011,2),(18824,'怀集县','10010.4','area',10010,2),(18823,'广宁县','10010.3','area',10010,2),(18822,'鼎湖区','10010.2','area',10010,2),(18821,'端州区','10010.1','area',10010,2),(18820,'肇庆市','10010','area',10010,1),(18819,'信宜市','10009.6','area',10010,2),(18818,'化州市','10009.5','area',10010,2),(18817,'高州市','10009.4','area',10009,2),(18816,'电白县','10009.3','area',10009,2),(18815,'茂港区','10009.2','area',10009,2),(18814,'茂南区','10009.1','area',10009,2),(18813,'茂名市','10009','area',10009,1),(18812,'吴川市','10008.9','area',10009,2),(18811,'雷州市','10008.8','area',10009,2),(18810,'廉江市','10008.7','area',10009,2),(18809,'徐闻县','10008.6','area',10009,2),(18808,'遂溪县','10008.5','area',10009,2),(18807,'麻章区','10008.4','area',10008,2),(18806,'坡头区','10008.3','area',10008,2),(18805,'霞山区','10008.2','area',10008,2),(18804,'赤坎区','10008.1','area',10008,2),(18803,'湛江市','10008','area',10008,1),(18802,'恩平市','10007.7','area',10008,2),(18801,'鹤山市','10007.6','area',10008,2),(18800,'开平市','10007.5','area',10008,2),(18799,'台山市','10007.4','area',10007,2),(18798,'新会区','10007.3','area',10007,2),(18797,'江海区','10007.2','area',10007,2),(18796,'蓬江区','10007.1','area',10007,2),(18795,'江门市','10007','area',10007,1),(18794,'高明区','10006.5','area',10007,2),(18793,'三水区','10006.4','area',10006,2),(18792,'顺德区','10006.3','area',10006,2),(18791,'南海区','10006.2','area',10006,2),(18790,'禅城区','10006.1','area',10006,2),(18789,'佛山市','10006','area',10006,1),(18788,'南澳县','10005.7','area',10006,2),(18787,'澄海区','10005.6','area',10006,2),(18786,'潮南区','10005.5','area',10006,2),(18785,'潮阳区','10005.4','area',10005,2),(18784,'濠江区','10005.3','area',10005,2),(18783,'金平区','10005.2','area',10005,2),(18782,'龙湖区','10005.1','area',10005,2),(18781,'汕头市','10005','area',10005,1),(18780,'金湾区','10004.3','area',10004,2),(18779,'斗门区','10004.2','area',10004,2),(18778,'洲区','10004.1','area',10004,2),(18777,'珠海市','10004','area',10004,1),(18776,'盐田区','10003.6','area',10004,2),(18775,'龙岗区','10003.5','area',10004,2),(18774,'宝安区','10003.4','area',10003,2),(18773,'南山区','10003.3','area',10003,2),(18772,'福田区','10003.2','area',10003,2),(18771,'罗湖区','10003.1','area',10003,2),(18770,'深圳市','10003','area',10003,1),(18769,'南雄市','10002.10','area',10002,2),(18768,'乐昌市','10002.9','area',10003,2),(18767,'新丰县','10002.8','area',10003,2),(18766,'乳源瑶族自治县','10002.7','area',10003,2),(18765,'翁源县','10002.6','area',10003,2),(18764,'仁化县','10002.5','area',10003,2),(18763,'始兴县','10002.4','area',10002,2),(18762,'曲江区','10002.3','area',10002,2),(18761,'浈江区','10002.2','area',10002,2),(18760,'武江区','10002.1','area',10002,2),(18759,'韶关市','10002','area',10002,1),(18758,'从化市','10001.12','area',10001,2),(18757,'增城市','10001.11','area',10001,2),(18756,'花都区','10001.10','area',10001,2),(18755,'番禺区','10001.9','area',10002,2),(18754,'黄埔区','10001.8','area',10002,2),(18753,'白云区','10001.7','area',10002,2),(18752,'芳村区','10001.6','area',10002,2),(18751,'天河区','10001.5','area',10002,2),(18750,'海珠区','10001.4','area',10001,2),(18749,'越秀区','10001.3','area',10001,2),(18748,'荔湾区','10001.2','area',10001,2),(18747,'东山区','10001.1','area',10001,2),(18746,'广州市','10001','area',10001,1),(18745,'广东省','10000','area',10000,0),(18744,'龙山县','9514.8','area',9515,2),(18743,'永顺县','9514.7','area',9515,2),(18742,'古丈县','9514.6','area',9515,2),(18741,'保靖县','9514.5','area',9515,2),(18740,'花垣县','9514.4','area',9514,2),(18739,'凤凰县','9514.3','area',9514,2),(18738,'泸溪县','9514.2','area',9514,2),(18737,'吉首市','9514.1','area',9514,2),(18736,'湘西土家族苗族自治州','9514','area',9514,1),(18735,'涟源市','9513.5','area',9514,2),(18734,'冷水江市','9513.4','area',9513,2),(18733,'新化县','9513.3','area',9513,2),(18732,'双峰县','9513.2','area',9513,2),(18731,'娄星区','9513.1','area',9513,2),(18730,'娄底市','9513','area',9513,1),(18729,'洪江市','9512.12','area',9512,2),(18728,'通道侗族自治县','9512.11','area',9512,2),(18727,'靖州苗族侗族自治县','9512.10','area',9512,2),(18726,'芷江侗族自治县','9512.9','area',9513,2),(18725,'新晃侗族自治县','9512.8','area',9513,2),(18724,'麻阳苗族自治县','9512.7','area',9513,2),(18723,'会同县','9512.6','area',9513,2),(18722,'溆浦县','9512.5','area',9513,2),(18721,'辰溪县','9512.4','area',9512,2),(18720,'沅陵县','9512.3','area',9512,2),(18719,'中方县','9512.2','area',9512,2),(18718,'鹤城区','9512.1','area',9512,2),(18717,'怀化市','9512','area',9512,1),(18716,'江华瑶族自治县','9511.11','area',9511,2),(18715,'新田县','9511.10','area',9511,2),(18714,'蓝山县','9511.9','area',9512,2),(18713,'宁远县','9511.8','area',9512,2),(18712,'江永县','9511.7','area',9512,2),(18711,'道　县','9511.6','area',9512,2),(18710,'双牌县','9511.5','area',9512,2),(18709,'东安县','9511.4','area',9511,2),(18708,'祁阳县','9511.3','area',9511,2),(18707,'冷水滩区','9511.2','area',9511,2),(18706,'芝山区','9511.1','area',9511,2),(18705,'永州市','9511','area',9511,1),(18704,'资兴市','9510.11','area',9510,2),(18703,'安仁县','9510.10','area',9510,2),(18702,'桂东县','9510.9','area',9511,2),(18701,'汝城县','9510.8','area',9511,2),(18700,'临武县','9510.7','area',9511,2),(18699,'嘉禾县','9510.6','area',9511,2),(18698,'永兴县','9510.5','area',9511,2),(18697,'宜章县','9510.4','area',9510,2),(18696,'桂阳县','9510.3','area',9510,2),(18695,'苏仙区','9510.2','area',9510,2),(18694,'北湖区','9510.1','area',9510,2),(18693,'郴州市','9510','area',9510,1),(18692,'沅江市','9509.6','area',9510,2),(18691,'安化县','9509.5','area',9510,2),(18690,'桃江县','9509.4','area',9509,2),(18689,'南　县','9509.3','area',9509,2),(18688,'赫山区','9509.2','area',9509,2),(18687,'资阳区','9509.1','area',9509,2),(18686,'益阳市','9509','area',9509,1),(18685,'桑植县','9508.4','area',9508,2),(18684,'慈利县','9508.3','area',9508,2),(18683,'武陵源区','9508.2','area',9508,2),(18682,'永定区','9508.1','area',9508,2),(18681,'张家界市','9508','area',9508,1),(18680,'津市市','9507.9','area',9508,2),(18679,'石门县','9507.8','area',9508,2),(18678,'桃源县','9507.7','area',9508,2),(18677,'临澧县','9507.6','area',9508,2),(18676,'澧　县','9507.5','area',9508,2),(18675,'汉寿县','9507.4','area',9507,2),(18674,'安乡县','9507.3','area',9507,2),(18673,'鼎城区','9507.2','area',9507,2),(18672,'武陵区','9507.1','area',9507,2),(18671,'常德市','9507','area',9507,1),(18670,'临湘市','9506.9','area',9507,2),(18669,'汨罗市','9506.8','area',9507,2),(18668,'平江县','9506.7','area',9507,2),(18667,'湘阴县','9506.6','area',9507,2),(18666,'华容县','9506.5','area',9507,2),(18665,'岳阳县','9506.4','area',9506,2),(18664,'君山区','9506.3','area',9506,2),(18663,'云溪区','9506.2','area',9506,2),(18662,'岳阳楼区','9506.1','area',9506,2),(18661,'岳阳市','9506','area',9506,1),(18660,'武冈市','9505.12','area',9505,2),(18659,'城步苗族自治县','9505.11','area',9505,2),(18658,'新宁县','9505.10','area',9505,2),(18657,'绥宁县','9505.9','area',9506,2),(18656,'洞口县','9505.8','area',9506,2),(18655,'隆回县','9505.7','area',9506,2),(18654,'邵阳县','9505.6','area',9506,2),(18653,'新邵县','9505.5','area',9506,2),(18652,'邵东县','9505.4','area',9505,2),(18651,'北塔区','9505.3','area',9505,2),(18650,'大祥区','9505.2','area',9505,2),(18649,'双清区','9505.1','area',9505,2),(18648,'邵阳市','9505','area',9505,1),(18647,'常宁市','9504.12','area',9504,2),(18646,'耒阳市','9504.11','area',9504,2),(18645,'祁东县','9504.10','area',9504,2),(18644,'衡东县','9504.9','area',9505,2),(18643,'衡山县','9504.8','area',9505,2),(18642,'衡南县','9504.7','area',9505,2),(18641,'衡阳县','9504.6','area',9505,2),(18640,'南岳区','9504.5','area',9505,2),(18639,'蒸湘区','9504.4','area',9504,2),(18638,'石鼓区','9504.3','area',9504,2),(18637,'雁峰区','9504.2','area',9504,2),(18636,'珠晖区','9504.1','area',9504,2),(18635,'衡阳市','9504','area',9504,1),(18634,'韶山市','9503.5','area',9504,2),(18633,'湘乡市','9503.4','area',9503,2),(18632,'湘潭县','9503.3','area',9503,2),(18631,'岳塘区','9503.2','area',9503,2),(18630,'雨湖区','9503.1','area',9503,2),(18629,'湘潭市','9503','area',9503,1),(18628,'醴陵市','9502.9','area',9503,2),(18627,'炎陵县','9502.8','area',9503,2),(18626,'茶陵县','9502.7','area',9503,2),(18625,'攸　县','9502.6','area',9503,2),(18624,'株洲县','9502.5','area',9503,2),(18623,'天元区','9502.4','area',9502,2),(18622,'石峰区','9502.3','area',9502,2),(18621,'芦淞区','9502.2','area',9502,2),(18620,'荷塘区','9502.1','area',9502,2),(18619,'株洲市','9502','area',9502,1),(18618,'浏阳市','9501.9','area',9502,2),(18617,'宁乡县','9501.8','area',9502,2),(18616,'望城县','9501.7','area',9502,2),(18615,'长沙县','9501.6','area',9502,2),(18614,'雨花区','9501.5','area',9502,2),(18613,'开福区','9501.4','area',9501,2),(18612,'岳麓区','9501.3','area',9501,2),(18611,'天心区','9501.2','area',9501,2),(18610,'芙蓉区','9501.1','area',9501,2),(18609,'长沙市','9501','area',9501,1),(18608,'湖南省','9500','area',9500,0),(18607,'神农架林区','9014.4','area',9014,2),(18606,'天门市','9014.3','area',9014,2),(18605,'潜江市','9014.2','area',9014,2),(18604,'仙桃市','9014.1','area',9014,2),(18603,'省直辖行政单位','9014','area',9014,1),(18602,'鹤峰县','9013.8','area',9014,2),(18601,'来凤县','9013.7','area',9014,2),(18600,'咸丰县','9013.6','area',9014,2),(18599,'宣恩县','9013.5','area',9014,2),(18598,'巴东县','9013.4','area',9013,2),(18597,'建始县','9013.3','area',9013,2),(18596,'利川市','9013.2','area',9013,2),(18595,'恩施市','9013.1','area',9013,2),(18594,'恩施土家族苗族自治州','9013','area',9013,1),(18593,'广水市','9012.2','area',9012,2),(18592,'曾都区','9012.1','area',9012,2),(18591,'随州市','9012','area',9012,1),(18590,'赤壁市','9011.6','area',9012,2),(18589,'通山县','9011.5','area',9012,2),(18588,'崇阳县','9011.4','area',9011,2),(18587,'通城县','9011.3','area',9011,2),(18586,'嘉鱼县','9011.2','area',9011,2),(18585,'咸安区','9011.1','area',9011,2),(18584,'咸宁市','9011','area',9011,1),(18583,'武穴市','9010.10','area',9010,2),(18582,'麻城市','9010.9','area',9011,2),(18581,'黄梅县','9010.8','area',9011,2),(18580,'蕲春县','9010.7','area',9011,2),(18579,'浠水县','9010.6','area',9011,2),(18578,'英山县','9010.5','area',9011,2),(18577,'罗田县','9010.4','area',9010,2),(18576,'红安县','9010.3','area',9010,2),(18575,'团风县','9010.2','area',9010,2),(18574,'州区','9010.1','area',9010,2),(18573,'黄冈市','9010','area',9010,1),(18572,'松滋市','9009.8','area',9010,2),(18571,'洪湖市','9009.7','area',9010,2),(18570,'石首市','9009.6','area',9010,2),(18569,'江陵县','9009.5','area',9010,2),(18568,'监利县','9009.4','area',9009,2),(18567,'公安县','9009.3','area',9009,2),(18566,'荆州区','9009.2','area',9009,2),(18565,'沙市区','9009.1','area',9009,2),(18564,'荆州市','9009','area',9009,1),(18563,'汉川市','9008.7','area',9009,2),(18562,'孝南区','9008.6','area',9009,2),(18561,'孝昌县','9008.5','area',9009,2),(18560,'大悟县','9008.4','area',9008,2),(18559,'云梦县','9008.3','area',9008,2),(18558,'应城市','9008.2','area',9008,2),(18557,'安陆市','9008.1','area',9008,2),(18556,'孝感市','9008','area',9008,1),(18555,'东宝区','9007.5','area',9008,2),(18554,'掇刀区','9007.4','area',9007,2),(18553,'京山县','9007.3','area',9007,2),(18552,'沙洋县','9007.2','area',9007,2),(18551,'钟祥市','9007.1','area',9007,2),(18550,'荆门市','9007','area',9007,1),(18549,'鄂城区','9006.3','area',9006,2),(18548,'华容区','9006.2','area',9006,2),(18547,'梁子湖区','9006.1','area',9006,2),(18546,'鄂州市','9006','area',9006,1),(18545,'宜城市','9005.9','area',9006,2),(18544,'枣阳市','9005.8','area',9006,2),(18543,'老河口市','9005.7','area',9006,2),(18542,'保康县','9005.6','area',9006,2),(18541,'谷城县','9005.5','area',9006,2),(18540,'南漳县','9005.4','area',9005,2),(18539,'襄阳区','9005.3','area',9005,2),(18538,'樊城区','9005.2','area',9005,2),(18537,'襄城区','9005.1','area',9005,2),(18536,'襄樊市','9005','area',9005,1),(18535,'枝江市','9004.13','area',9004,2),(18534,'当阳市','9004.12','area',9004,2),(18533,'宜都市','9004.11','area',9004,2),(18532,'五峰土家族自治县','9004.10','area',9004,2),(18531,'长阳土家族自治县','9004.9','area',9005,2),(18530,'秭归县','9004.8','area',9005,2),(18529,'兴山县','9004.7','area',9005,2),(18528,'远安县','9004.6','area',9005,2),(18527,'夷陵区','9004.5','area',9005,2),(18526,'猇亭区','9004.4','area',9004,2),(18525,'点军区','9004.3','area',9004,2),(18524,'伍家岗区','9004.2','area',9004,2),(18523,'西陵区','9004.1','area',9004,2),(18522,'宜昌市','9004','area',9004,1),(18521,'丹江口市','9003.8','area',9004,2),(18520,'房　县','9003.7','area',9004,2),(18519,'竹溪县','9003.6','area',9004,2),(18518,'竹山县','9003.5','area',9004,2),(18517,'郧西县','9003.4','area',9003,2),(18516,'郧　县','9003.3','area',9003,2),(18515,'张湾区','9003.2','area',9003,2),(18514,'茅箭区','9003.1','area',9003,2),(18513,'十堰市','9003','area',9003,1),(18512,'大冶市','9002.6','area',9003,2),(18511,'阳新县','9002.5','area',9003,2),(18510,'铁山区','9002.4','area',9002,2),(18509,'下陆区','9002.3','area',9002,2),(18508,'西塞山区','9002.2','area',9002,2),(18507,'黄石港区','9002.1','area',9002,2),(18506,'黄石市','9002','area',9002,1),(18505,'新洲区','9001.13','area',9001,2),(18504,'黄陂区','9001.12','area',9001,2),(18503,'江夏区','9001.11','area',9001,2),(18502,'蔡甸区','9001.10','area',9001,2),(18501,'汉南区','9001.9','area',9002,2),(18500,'东西湖区','9001.8','area',9002,2),(18499,'洪山区','9001.7','area',9002,2),(18498,'青山区','9001.6','area',9002,2),(18497,'武昌区','9001.5','area',9002,2),(18496,'汉阳区','9001.4','area',9001,2),(18495,'乔口区','9001.3','area',9001,2),(18494,'江汉区','9001.2','area',9001,2),(18493,'江岸区','9001.1','area',9001,2),(18492,'武汉市','9001','area',9001,1),(18491,'湖北省','9000','area',9000,0),(18490,'新蔡县','8517.10','area',8517,2),(18489,'遂平县','8517.9','area',8518,2),(18488,'汝南县','8517.8','area',8518,2),(18487,'泌阳县','8517.7','area',8518,2),(18486,'确山县','8517.6','area',8518,2),(18485,'正阳县','8517.5','area',8518,2),(18484,'平舆县','8517.4','area',8517,2),(18483,'上蔡县','8517.3','area',8517,2),(18482,'西平县','8517.2','area',8517,2),(18481,'驿城区','8517.1','area',8517,2),(18480,'驻马店市','8517','area',8517,1),(18479,'项城市','8516.10','area',8516,2),(18478,'鹿邑县','8516.9','area',8517,2),(18477,'太康县','8516.8','area',8517,2),(18476,'淮阳县','8516.7','area',8517,2),(18475,'郸城县','8516.6','area',8517,2),(18474,'沈丘县','8516.5','area',8517,2),(18473,'商水县','8516.4','area',8516,2),(18472,'西华县','8516.3','area',8516,2),(18471,'扶沟县','8516.2','area',8516,2),(18470,'川汇区','8516.1','area',8516,2),(18469,'周口市','8516','area',8516,1),(18468,'息　县','8515.10','area',8515,2),(18467,'淮滨县','8515.9','area',8516,2),(18466,'潢川县','8515.8','area',8516,2),(18465,'固始县','8515.7','area',8516,2),(18464,'商城县','8515.6','area',8516,2),(18463,'新　县','8515.5','area',8516,2),(18462,'光山县','8515.4','area',8515,2),(18461,'罗山县','8515.3','area',8515,2),(18460,'平桥区','8515.2','area',8515,2),(18459,'师河区','8515.1','area',8515,2),(18458,'信阳市','8515','area',8515,1),(18457,'永城市','8514.9','area',8515,2),(18456,'夏邑县','8514.8','area',8515,2),(18455,'虞城县','8514.7','area',8515,2),(18454,'柘城县','8514.6','area',8515,2),(18453,'宁陵县','8514.5','area',8515,2),(18452,'睢　县','8514.4','area',8514,2),(18451,'民权县','8514.3','area',8514,2),(18450,'睢阳区','8514.2','area',8514,2),(18449,'梁园区','8514.1','area',8514,2),(18448,'商丘市','8514','area',8514,1),(18447,'邓州市','8513.13','area',8513,2),(18446,'桐柏县','8513.12','area',8513,2),(18445,'新野县','8513.11','area',8513,2),(18444,'唐河县','8513.10','area',8513,2),(18443,'社旗县','8513.9','area',8514,2),(18442,'淅川县','8513.8','area',8514,2),(18441,'内乡县','8513.7','area',8514,2),(18440,'镇平县','8513.6','area',8514,2),(18439,'西峡县','8513.5','area',8514,2),(18438,'方城县','8513.4','area',8513,2),(18437,'南召县','8513.3','area',8513,2),(18436,'卧龙区','8513.2','area',8513,2),(18435,'宛城区','8513.1','area',8513,2),(18434,'南阳市','8513','area',8513,1),(18433,'灵宝市','8512.6','area',8513,2),(18432,'义马市','8512.5','area',8513,2),(18431,'卢氏县','8512.4','area',8512,2),(18430,'陕　县','8512.3','area',8512,2),(18429,'渑池县','8512.2','area',8512,2),(18428,'湖滨区','8512.1','area',8512,2),(18427,'三门峡市','8512','area',8512,1),(18426,'临颍县','8511.5','area',8512,2),(18425,'舞阳县','8511.4','area',8511,2),(18424,'召陵区','8511.3','area',8511,2),(18423,'郾城区','8511.2','area',8511,2),(18422,'源汇区','8511.1','area',8511,2),(18421,'漯河市','8511','area',8511,1),(18420,'长葛市','8510.6','area',8511,2),(18419,'禹州市','8510.5','area',8511,2),(18418,'襄城县','8510.4','area',8510,2),(18417,'鄢陵县','8510.3','area',8510,2),(18416,'许昌县','8510.2','area',8510,2),(18415,'魏都区','8510.1','area',8510,2),(18414,'许昌市','8510','area',8510,1),(18413,'濮阳县','8509.6','area',8510,2),(18412,'台前县','8509.5','area',8510,2),(18411,'范　县','8509.4','area',8509,2),(18410,'南乐县','8509.3','area',8509,2),(18409,'清丰县','8509.2','area',8509,2),(18408,'华龙区','8509.1','area',8509,2),(18407,'濮阳市','8509','area',8509,1),(18406,'孟州市','8508.11','area',8508,2),(18405,'沁阳市','8508.10','area',8508,2),(18404,'济源市','8508.9','area',8509,2),(18403,'温　县','8508.8','area',8509,2),(18402,'武陟县','8508.7','area',8509,2),(18401,'博爱县','8508.6','area',8509,2),(18400,'修武县','8508.5','area',8509,2),(18399,'山阳区','8508.4','area',8508,2),(18398,'马村区','8508.3','area',8508,2),(18397,'中站区','8508.2','area',8508,2),(18396,'解放区','8508.1','area',8508,2),(18395,'焦作市','8508','area',8508,1),(18394,'辉县市','8507.12','area',8507,2),(18393,'卫辉市','8507.11','area',8507,2),(18392,'长垣县','8507.10','area',8507,2),(18391,'封丘县','8507.9','area',8508,2),(18390,'延津县','8507.8','area',8508,2),(18389,'原阳县','8507.7','area',8508,2),(18388,'获嘉县','8507.6','area',8508,2),(18387,'新乡县','8507.5','area',8508,2),(18386,'牧野区','8507.4','area',8507,2),(18385,'凤泉区','8507.3','area',8507,2),(18384,'卫滨区','8507.2','area',8507,2),(18383,'红旗区','8507.1','area',8507,2),(18382,'新乡市','8507','area',8507,1),(18381,'淇　县','8506.5','area',8507,2),(18380,'浚　县','8506.4','area',8506,2),(18379,'淇滨区','8506.3','area',8506,2),(18378,'山城区','8506.2','area',8506,2),(18377,'鹤山区','8506.1','area',8506,2),(18376,'鹤壁市','8506','area',8506,1),(18375,'林州市','8505.9','area',8506,2),(18374,'内黄县','8505.8','area',8506,2),(18373,'滑　县','8505.7','area',8506,2),(18372,'汤阴县','8505.6','area',8506,2),(18371,'安阳县','8505.5','area',8506,2),(18370,'龙安区','8505.4','area',8505,2),(18369,'殷都区','8505.3','area',8505,2),(18368,'北关区','8505.2','area',8505,2),(18367,'文峰区','8505.1','area',8505,2),(18366,'安阳市','8505','area',8505,1),(18365,'汝州市','8504.10','area',8504,2),(18364,'舞钢市','8504.9','area',8505,2),(18363,'郏　县','8504.8','area',8505,2),(18362,'鲁山县','8504.7','area',8505,2),(18361,'叶　县','8504.6','area',8505,2),(18360,'宝丰县','8504.5','area',8505,2),(18359,'湛河区','8504.4','area',8504,2),(18358,'石龙区','8504.3','area',8504,2),(18357,'卫东区','8504.2','area',8504,2),(18356,'新华区','8504.1','area',8504,2),(18355,'平顶山市','8504','area',8504,1),(18354,'偃师市','8503.15','area',8503,2),(18353,'伊川县','8503.14','area',8503,2),(18352,'洛宁县','8503.13','area',8503,2),(18351,'宜阳县','8503.12','area',8503,2),(18350,'汝阳县','8503.11','area',8503,2),(18349,'嵩　县','8503.10','area',8503,2),(18348,'栾川县','8503.9','area',8504,2),(18347,'新安县','8503.8','area',8504,2),(18346,'孟津县','8503.7','area',8504,2),(18345,'洛龙区','8503.6','area',8504,2),(18344,'吉利区','8503.5','area',8504,2),(18343,'涧西区','8503.4','area',8503,2),(18342,'廛河回族区','8503.3','area',8503,2),(18341,'西工区','8503.2','area',8503,2),(18340,'老城区','8503.1','area',8503,2),(18339,'洛阳市','8503','area',8503,1),(18338,'兰考县','8502.10','area',8502,2),(18337,'开封县','8502.9','area',8503,2),(18336,'尉氏县','8502.8','area',8503,2),(18335,'通许县','8502.7','area',8503,2),(18334,'杞　县','8502.6','area',8503,2),(18333,'郊　区','8502.5','area',8503,2),(18332,'南关区','8502.4','area',8502,2),(18331,'鼓楼区','8502.3','area',8502,2),(18330,'顺河回族区','8502.2','area',8502,2),(18329,'龙亭区','8502.1','area',8502,2),(18328,'开封市','8502','area',8502,1),(18327,'登封市','8501.12','area',8501,2),(18326,'新郑市','8501.11','area',8501,2),(18325,'新密市','8501.10','area',8501,2),(18324,'荥阳市','8501.9','area',8502,2),(18323,'巩义市','8501.8','area',8502,2),(18322,'中牟县','8501.7','area',8502,2),(18321,'邙山区','8501.6','area',8502,2),(18320,'上街区','8501.5','area',8502,2),(18319,'金水区','8501.4','area',8501,2),(18318,'管城回族区','8501.3','area',8501,2),(18317,'二七区','8501.2','area',8501,2),(18316,'中原区','8501.1','area',8501,2),(18315,'郑州市','8501','area',8501,1),(18314,'河南省','8500','area',8500,0),(18313,'东明县','8016.9','area',8017,2),(18312,'定陶县','8016.8','area',8017,2),(18311,'鄄城县','8016.7','area',8017,2),(18310,'郓城县','8016.6','area',8017,2),(18309,'巨野县','8016.5','area',8017,2),(18308,'成武县','8016.4','area',8016,2),(18307,'单　县','8016.3','area',8016,2),(18306,'曹　县','8016.2','area',8016,2),(18305,'牡丹区','8016.1','area',8016,2),(18304,'荷泽市','8016','area',8016,1),(18303,'邹平县','8015.7','area',8016,2),(18302,'博兴县','8015.6','area',8016,2),(18301,'沾化县','8015.5','area',8016,2),(18300,'无棣县','8015.4','area',8015,2),(18299,'阳信县','8015.3','area',8015,2),(18298,'惠民县','8015.2','area',8015,2),(18297,'滨城区','8015.1','area',8015,2),(18296,'滨州市','8015','area',8015,1),(18295,'临清市','8014.8','area',8015,2),(18294,'高唐县','8014.7','area',8015,2),(18293,'冠　县','8014.6','area',8015,2),(18292,'东阿县','8014.5','area',8015,2),(18291,'茌平县','8014.4','area',8014,2),(18290,'莘　县','8014.3','area',8014,2),(18289,'阳谷县','8014.2','area',8014,2),(18288,'东昌府区','8014.1','area',8014,2),(18287,'聊城市','8014','area',8014,1),(18286,'禹城市','8013.11','area',8013,2),(18285,'乐陵市','8013.10','area',8013,2),(18284,'武城县','8013.9','area',8014,2),(18283,'夏津县','8013.8','area',8014,2),(18282,'平原县','8013.7','area',8014,2),(18281,'齐河县','8013.6','area',8014,2),(18280,'临邑县','8013.5','area',8014,2),(18279,'庆云县','8013.4','area',8013,2),(18278,'宁津县','8013.3','area',8013,2),(18277,'陵　县','8013.2','area',8013,2),(18276,'德城区','8013.1','area',8013,2),(18275,'德州市','8013','area',8013,1),(18274,'临沭县','8012.12','area',8012,2),(18273,'蒙阴县','8012.11','area',8012,2),(18272,'莒南县','8012.10','area',8012,2),(18271,'平邑县','8012.9','area',8013,2),(18270,'费　县','8012.8','area',8013,2),(18269,'苍山县','8012.7','area',8013,2),(18268,'沂水县','8012.6','area',8013,2),(18267,'郯城县','8012.5','area',8013,2),(18266,'沂南县','8012.4','area',8012,2),(18265,'河东区','8012.3','area',8012,2),(18264,'罗庄区','8012.2','area',8012,2),(18263,'兰山区','8012.1','area',8012,2),(18262,'临沂市','8012','area',8012,1),(18261,'钢城区','8011.2','area',8011,2),(18260,'莱城区','8011.1','area',8011,2),(18259,'莱芜市','8011','area',8011,1),(18258,'莒　县','8010.4','area',8010,2),(18257,'五莲县','8010.3','area',8010,2),(18256,'岚山区','8010.2','area',8010,2),(18255,'东港区','8010.1','area',8010,2),(18254,'日照市','8010','area',8010,1),(18253,'乳山市','8009.4','area',8009,2),(18252,'荣成市','8009.3','area',8009,2),(18251,'文登市','8009.2','area',8009,2),(18250,'环翠区','8009.1','area',8009,2),(18249,'威海市','8009','area',8009,1),(18248,'肥城市','8008.6','area',8009,2),(18247,'新泰市','8008.5','area',8009,2),(18246,'东平县','8008.4','area',8008,2),(18245,'宁阳县','8008.3','area',8008,2),(18244,'岱岳区','8008.2','area',8008,2),(18243,'泰山区','8008.1','area',8008,2),(18242,'泰安市','8008','area',8008,1),(18241,'邹城市','8007.12','area',8007,2),(18240,'兖州市','8007.11','area',8007,2),(18239,'曲阜市','8007.10','area',8007,2),(18238,'梁山县','8007.9','area',8008,2),(18237,'泗水县','8007.8','area',8008,2),(18236,'汶上县','8007.7','area',8008,2),(18235,'嘉祥县','8007.6','area',8008,2),(18234,'金乡县','8007.5','area',8008,2),(18233,'鱼台县','8007.4','area',8007,2),(18232,'微山县','8007.3','area',8007,2),(18231,'任城区','8007.2','area',8007,2),(18230,'市中区','8007.1','area',8007,2),(18229,'济宁市','8007','area',8007,1),(18228,'昌邑市','8006.12','area',8006,2),(18227,'高密市','8006.11','area',8006,2),(18226,'安丘市','8006.10','area',8006,2),(18225,'寿光市','8006.9','area',8007,2),(18224,'诸城市','8006.8','area',8007,2),(18223,'青州市','8006.7','area',8007,2),(18222,'昌乐县','8006.6','area',8007,2),(18221,'临朐县','8006.5','area',8007,2),(18220,'奎文区','8006.4','area',8006,2),(18219,'坊子区','8006.3','area',8006,2),(18218,'寒亭区','8006.2','area',8006,2),(18217,'潍城区','8006.1','area',8006,2),(18216,'潍坊市','8006','area',8006,1),(18215,'海阳市','8005.12','area',8005,2),(18214,'栖霞市','8005.11','area',8005,2),(18213,'招远市','8005.10','area',8005,2),(18212,'蓬莱市','8005.9','area',8006,2),(18211,'莱州市','8005.8','area',8006,2),(18210,'莱阳市','8005.7','area',8006,2),(18209,'龙口市','8005.6','area',8006,2),(18208,'长岛县','8005.5','area',8006,2),(18207,'莱山区','8005.4','area',8005,2),(18206,'牟平区','8005.3','area',8005,2),(18205,'福山区','8005.2','area',8005,2),(18204,'芝罘区','8005.1','area',8005,2),(18203,'烟台市','8005','area',8005,1),(18202,'滕州市','8004.6','area',8005,2),(18201,'山亭区','8004.5','area',8005,2),(18200,'台儿庄区','8004.4','area',8004,2),(18199,'峄城区','8004.3','area',8004,2),(18198,'薛城区','8004.2','area',8004,2),(18197,'市中区','8004.1','area',8004,2),(18196,'枣庄市','8004','area',8004,1),(18195,'沂源县','8003.8','area',8004,2),(18194,'高青县','8003.7','area',8004,2),(18193,'桓台县','8003.6','area',8004,2),(18192,'周村区','8003.5','area',8004,2),(18191,'临淄区','8003.4','area',8003,2),(18190,'博山区','8003.3','area',8003,2),(18189,'张店区','8003.2','area',8003,2),(18188,'淄川区','8003.1','area',8003,2),(18187,'淄博市','8003','area',8003,1),(18186,'莱西市','8002.12','area',8002,2),(18185,'胶南市','8002.11','area',8002,2),(18184,'平度市','8002.10','area',8002,2),(18183,'即墨市','8002.9','area',8003,2),(18182,'胶州市','8002.8','area',8003,2),(18181,'城阳区','8002.7','area',8003,2),(18180,'李沧区','8002.6','area',8003,2),(18179,'崂山区','8002.5','area',8003,2),(18178,'黄岛区','8002.4','area',8002,2),(18177,'四方区','8002.3','area',8002,2),(18176,'市北区','8002.2','area',8002,2),(18175,'市南区','8002.1','area',8002,2),(18174,'青岛市','8002','area',8002,1),(18173,'章丘市','8001.10','area',8001,2),(18172,'商河县','8001.9','area',8002,2),(18171,'济阳县','8001.8','area',8002,2),(18170,'平阴县','8001.7','area',8002,2),(18169,'长清区','8001.6','area',8002,2),(18168,'历城区','8001.5','area',8002,2),(18167,'天桥区','8001.4','area',8001,2),(18166,'槐荫区','8001.3','area',8001,2),(18165,'市中区','8001.2','area',8001,2),(18164,'历下区','8001.1','area',8001,2),(18163,'济南市','8001','area',8001,1),(18162,'山东省','8000','area',8000,0),(18161,'德兴市','7511.12','area',7511,2),(18160,'婺源县','7511.11','area',7511,2),(18159,'万年县','7511.10','area',7511,2),(18158,'鄱阳县','7511.9','area',7512,2),(18157,'余干县','7511.8','area',7512,2),(18156,'弋阳县','7511.7','area',7512,2),(18155,'横峰县','7511.6','area',7512,2),(18154,'铅山县','7511.5','area',7512,2),(18153,'玉山县','7511.4','area',7511,2),(18152,'广丰县','7511.3','area',7511,2),(18151,'上饶县','7511.2','area',7511,2),(18150,'信州区','7511.1','area',7511,2),(18149,'上饶市','7511','area',7511,1),(18148,'广昌县','7510.11','area',7510,2),(18147,'东乡县','7510.10','area',7510,2),(18146,'资溪县','7510.9','area',7511,2),(18145,'金溪县','7510.8','area',7511,2),(18144,'宜黄县','7510.7','area',7511,2),(18143,'乐安县','7510.6','area',7511,2),(18142,'崇仁县','7510.5','area',7511,2),(18141,'南丰县','7510.4','area',7510,2),(18140,'黎川县','7510.3','area',7510,2),(18139,'南城县','7510.2','area',7510,2),(18138,'临川区','7510.1','area',7510,2),(18137,'抚州市','7510','area',7510,1),(18136,'高安市','7509.10','area',7509,2),(18135,'樟树市','7509.9','area',7510,2),(18134,'丰城市','7509.8','area',7510,2),(18133,'铜鼓县','7509.7','area',7510,2),(18132,'靖安县','7509.6','area',7510,2),(18131,'宜丰县','7509.5','area',7510,2),(18130,'上高县','7509.4','area',7509,2),(18129,'万载县','7509.3','area',7509,2),(18128,'奉新县','7509.2','area',7509,2),(18127,'袁州区','7509.1','area',7509,2),(18126,'宜春市','7509','area',7509,1),(18125,'井冈山市','7508.13','area',7508,2),(18124,'永新县','7508.12','area',7508,2),(18123,'安福县','7508.11','area',7508,2),(18122,'万安县','7508.10','area',7508,2),(18121,'遂川县','7508.9','area',7509,2),(18120,'泰和县','7508.8','area',7509,2),(18119,'永丰县','7508.7','area',7509,2),(18118,'新干县','7508.6','area',7509,2),(18117,'峡江县','7508.5','area',7509,2),(18116,'吉水县','7508.4','area',7508,2),(18115,'吉安县','7508.3','area',7508,2),(18114,'青原区','7508.2','area',7508,2),(18113,'吉州区','7508.1','area',7508,2),(18112,'吉安市','7508','area',7508,1),(18111,'南康市','7507.18','area',7507,2),(18110,'瑞金市','7507.17','area',7507,2),(18109,'石城县','7507.16','area',7507,2),(18108,'寻乌县','7507.15','area',7507,2),(18107,'会昌县','7507.14','area',7507,2),(18106,'兴国县','7507.13','area',7507,2),(18105,'于都县','7507.12','area',7507,2),(18104,'宁都县','7507.11','area',7507,2),(18103,'全南县','7507.10','area',7507,2),(18102,'定南县','7507.9','area',7508,2),(18101,'龙南县','7507.8','area',7508,2),(18100,'安远县','7507.7','area',7508,2),(18099,'崇义县','7507.6','area',7508,2),(18098,'上犹县','7507.5','area',7508,2),(18097,'大余县','7507.4','area',7507,2),(18096,'信丰县','7507.3','area',7507,2),(18095,'赣　县','7507.2','area',7507,2),(18094,'章贡区','7507.1','area',7507,2),(18093,'赣州市','7507','area',7507,1),(18092,'贵溪市','7506.3','area',7506,2),(18091,'余江县','7506.2','area',7506,2),(18090,'月湖区','7506.1','area',7506,2),(18089,'鹰潭市','7506','area',7506,1),(18088,'分宜县','7505.2','area',7505,2),(18087,'渝水区','7505.1','area',7505,2),(18086,'新余市','7505','area',7505,1),(18085,'瑞昌市','7504.12','area',7504,2),(18084,'彭泽县','7504.11','area',7504,2),(18083,'湖口县','7504.10','area',7504,2),(18082,'都昌县','7504.9','area',7505,2),(18081,'星子县','7504.8','area',7505,2),(18080,'德安县','7504.7','area',7505,2),(18079,'永修县','7504.6','area',7505,2),(18078,'修水县','7504.5','area',7505,2),(18077,'武宁县','7504.4','area',7504,2),(18076,'九江县','7504.3','area',7504,2),(18075,'浔阳区','7504.2','area',7504,2),(18074,'庐山区','7504.1','area',7504,2),(18073,'九江市','7504','area',7504,1),(18072,'芦溪县','7503.5','area',7504,2),(18071,'上栗县','7503.4','area',7503,2),(18070,'莲花县','7503.3','area',7503,2),(18069,'湘东区','7503.2','area',7503,2),(18068,'安源区','7503.1','area',7503,2),(18067,'萍乡市','7503','area',7503,1),(18066,'乐平市','7502.4','area',7502,2),(18065,'浮梁县','7502.3','area',7502,2),(18064,'珠山区','7502.2','area',7502,2),(18063,'昌江区','7502.1','area',7502,2),(18062,'景德镇市','7502','area',7502,1),(18061,'进贤县','7501.9','area',7502,2),(18060,'安义县','7501.8','area',7502,2),(18059,'新建县','7501.7','area',7502,2),(18058,'南昌县','7501.6','area',7502,2),(18057,'青山湖区','7501.5','area',7502,2),(18056,'湾里区','7501.4','area',7501,2),(18055,'青云谱区','7501.3','area',7501,2),(18054,'西湖区','7501.2','area',7501,2),(18053,'东湖区','7501.1','area',7501,2),(18052,'南昌市','7501','area',7501,1),(18051,'江西省','7500','area',7500,0),(18050,'福鼎市','7009.9','area',7010,2),(18049,'福安市','7009.8','area',7010,2),(18048,'柘荣县','7009.7','area',7010,2),(18047,'周宁县','7009.6','area',7010,2),(18046,'寿宁县','7009.5','area',7010,2),(18045,'屏南县','7009.4','area',7009,2),(18044,'古田县','7009.3','area',7009,2),(18043,'霞浦县','7009.2','area',7009,2),(18042,'蕉城区','7009.1','area',7009,2),(18041,'宁德市','7009','area',7009,1),(18040,'漳平市','7008.7','area',7009,2),(18039,'连城县','7008.6','area',7009,2),(18038,'武平县','7008.5','area',7009,2),(18037,'上杭县','7008.4','area',7008,2),(18036,'永定县','7008.3','area',7008,2),(18035,'长汀县','7008.2','area',7008,2),(18034,'新罗区','7008.1','area',7008,2),(18033,'龙岩市','7008','area',7008,1),(18032,'建阳市','7007.10','area',7007,2),(18031,'建瓯市','7007.9','area',7008,2),(18030,'武夷山市','7007.8','area',7008,2),(18029,'邵武市','7007.7','area',7008,2),(18028,'政和县','7007.6','area',7008,2),(18027,'松溪县','7007.5','area',7008,2),(18026,'光泽县','7007.4','area',7007,2),(18025,'浦城县','7007.3','area',7007,2),(18024,'顺昌县','7007.2','area',7007,2),(18023,'延平区','7007.1','area',7007,2),(18022,'南平市','7007','area',7007,1),(18021,'龙海市','7006.11','area',7006,2),(18020,'华安县','7006.10','area',7006,2),(18019,'平和县','7006.9','area',7007,2),(18018,'南靖县','7006.8','area',7007,2),(18017,'东山县','7006.7','area',7007,2),(18016,'长泰县','7006.6','area',7007,2),(18015,'诏安县','7006.5','area',7007,2),(18014,'漳浦县','7006.4','area',7006,2),(18013,'云霄县','7006.3','area',7006,2),(18012,'龙文区','7006.2','area',7006,2),(18011,'芗城区','7006.1','area',7006,2),(18010,'漳州市','7006','area',7006,1),(18009,'南安市','7005.12','area',7005,2),(18008,'晋江市','7005.11','area',7005,2),(18007,'石狮市','7005.10','area',7005,2),(18006,'金门县','7005.9','area',7006,2),(18005,'德化县','7005.8','area',7006,2),(18004,'永春县','7005.7','area',7006,2),(18003,'安溪县','7005.6','area',7006,2),(18002,'惠安县','7005.5','area',7006,2),(18001,'泉港区','7005.4','area',7005,2),(18000,'洛江区','7005.3','area',7005,2),(17999,'丰泽区','7005.2','area',7005,2),(17998,'鲤城区','7005.1','area',7005,2),(17997,'泉州市','7005','area',7005,1),(17996,'永安市','7004.12','area',7004,2),(17995,'建宁县','7004.11','area',7004,2),(17994,'泰宁县','7004.10','area',7004,2),(17993,'将乐县','7004.9','area',7005,2),(17992,'沙　县','7004.8','area',7005,2),(17991,'尤溪县','7004.7','area',7005,2),(17990,'大田县','7004.6','area',7005,2),(17989,'宁化县','7004.5','area',7005,2),(17988,'清流县','7004.4','area',7004,2),(17987,'明溪县','7004.3','area',7004,2),(17986,'三元区','7004.2','area',7004,2),(17985,'梅列区','7004.1','area',7004,2),(17984,'三明市','7004','area',7004,1),(17983,'仙游县','7003.5','area',7004,2),(17982,'秀屿区','7003.4','area',7003,2),(17981,'荔城区','7003.3','area',7003,2),(17980,'涵江区','7003.2','area',7003,2),(17979,'城厢区','7003.1','area',7003,2),(17978,'莆田市','7003','area',7003,1),(17977,'翔安区','7002.6','area',7003,2),(17976,'同安区','7002.5','area',7003,2),(17975,'集美区','7002.4','area',7002,2),(17974,'湖里区','7002.3','area',7002,2),(17973,'海沧区','7002.2','area',7002,2),(17972,'思明区','7002.1','area',7002,2),(17971,'厦门市','7002','area',7002,1),(17970,'长乐市','7001.13','area',7001,2),(17969,'福清市','7001.12','area',7001,2),(17968,'平潭县','7001.11','area',7001,2),(17967,'永泰县','7001.10','area',7001,2),(17966,'闽清县','7001.9','area',7002,2),(17965,'罗源县','7001.8','area',7002,2),(17964,'连江县','7001.7','area',7002,2),(17963,'闽侯县','7001.6','area',7002,2),(17962,'晋安区','7001.5','area',7002,2),(17961,'马尾区','7001.4','area',7001,2),(17960,'仓山区','7001.3','area',7001,2),(17959,'台江区','7001.2','area',7001,2),(17958,'鼓楼区','7001.1','area',7001,2),(17957,'福州市','7001','area',7001,1),(17956,'福建省','7000','area',7000,0),(17955,'宁国市','6517.7','area',6518,2),(17954,'旌德县','6517.6','area',6518,2),(17953,'绩溪县','6517.5','area',6518,2),(17952,'泾　县','6517.4','area',6517,2),(17951,'广德县','6517.3','area',6517,2),(17950,'郎溪县','6517.2','area',6517,2),(17949,'宣州区','6517.1','area',6517,2),(17948,'宣城市','6517','area',6517,1),(17947,'青阳县','6516.4','area',6516,2),(17946,'石台县','6516.3','area',6516,2),(17945,'东至县','6516.2','area',6516,2),(17944,'贵池区','6516.1','area',6516,2),(17943,'池州市','6516','area',6516,1),(17942,'利辛县','6515.4','area',6515,2),(17941,'蒙城县','6515.3','area',6515,2),(17940,'涡阳县','6515.2','area',6515,2),(17939,'谯城区','6515.1','area',6515,2),(17938,'亳州市','6515','area',6515,1),(17937,'霍山县','6514.7','area',6515,2),(17936,'金寨县','6514.6','area',6515,2),(17935,'舒城县','6514.5','area',6515,2),(17934,'霍邱县','6514.4','area',6514,2),(17933,'寿　县','6514.3','area',6514,2),(17932,'裕安区','6514.2','area',6514,2),(17931,'金安区','6514.1','area',6514,2),(17930,'六安市','6514','area',6514,1),(17929,'和　县','6513.5','area',6514,2),(17928,'含山县','6513.4','area',6513,2),(17927,'无为县','6513.3','area',6513,2),(17926,'庐江县','6513.2','area',6513,2),(17925,'居巢区','6513.1','area',6513,2),(17924,'巢湖市','6513','area',6513,1),(17923,'泗　县','6512.5','area',6513,2),(17922,'灵璧县','6512.4','area',6512,2),(17921,'萧　县','6512.3','area',6512,2),(17920,'砀山县','6512.2','area',6512,2),(17919,'墉桥区','6512.1','area',6512,2),(17918,'宿州市','6512','area',6512,1),(17917,'界首市','6511.8','area',6512,2),(17916,'颍上县','6511.7','area',6512,2),(17915,'阜南县','6511.6','area',6512,2),(17914,'太和县','6511.5','area',6512,2),(17913,'临泉县','6511.4','area',6511,2),(17912,'颍泉区','6511.3','area',6511,2),(17911,'颍东区','6511.2','area',6511,2),(17910,'颍州区','6511.1','area',6511,2),(17909,'阜阳市','6511','area',6511,1),(17908,'明光市','6510.8','area',6511,2),(17907,'天长市','6510.7','area',6511,2),(17906,'凤阳县','6510.6','area',6511,2),(17905,'定远县','6510.5','area',6511,2),(17904,'全椒县','6510.4','area',6510,2),(17903,'来安县','6510.3','area',6510,2),(17902,'南谯区','6510.2','area',6510,2),(17901,'琅琊区','6510.1','area',6510,2),(17900,'滁州市','6510','area',6510,1),(17899,'祁门县','6509.7','area',6510,2),(17898,'黟　县','6509.6','area',6510,2),(17897,'休宁县','6509.5','area',6510,2),(17896,'歙　县','6509.4','area',6509,2),(17895,'徽州区','6509.3','area',6509,2),(17894,'黄山区','6509.2','area',6509,2),(17893,'屯溪区','6509.1','area',6509,2),(17892,'黄山市','6509','area',6509,1),(17891,'桐城市','6508.11','area',6508,2),(17890,'岳西县','6508.10','area',6508,2),(17889,'望江县','6508.9','area',6509,2),(17888,'宿松县','6508.8','area',6509,2),(17887,'太湖县','6508.7','area',6509,2),(17886,'潜山县','6508.6','area',6509,2),(17885,'枞阳县','6508.5','area',6509,2),(17884,'怀宁县','6508.4','area',6508,2),(17883,'郊　区','6508.3','area',6508,2),(17882,'大观区','6508.2','area',6508,2),(17881,'迎江区','6508.1','area',6508,2),(17880,'安庆市','6508','area',6508,1),(17879,'铜陵县','6507.4','area',6507,2),(17878,'郊　区','6507.3','area',6507,2),(17877,'狮子山区','6507.2','area',6507,2),(17876,'铜官山区','6507.1','area',6507,2),(17875,'铜陵市','6507','area',6507,1),(17874,'濉溪县','6506.4','area',6506,2),(17873,'烈山区','6506.3','area',6506,2),(17872,'相山区','6506.2','area',6506,2),(17871,'杜集区','6506.1','area',6506,2),(17870,'淮北市','6506','area',6506,1),(17869,'当涂县','6505.4','area',6505,2),(17868,'雨山区','6505.3','area',6505,2),(17867,'花山区','6505.2','area',6505,2),(17866,'金家庄区','6505.1','area',6505,2),(17865,'马鞍山市','6505','area',6505,1),(17864,'凤台县','6504.6','area',6505,2),(17863,'潘集区','6504.5','area',6505,2),(17862,'八公山区','6504.4','area',6504,2),(17861,'谢家集区','6504.3','area',6504,2),(17860,'田家庵区','6504.2','area',6504,2),(17859,'大通区','6504.1','area',6504,2),(17858,'淮南市','6504','area',6504,1),(17857,'固镇县','6503.7','area',6504,2),(17856,'五河县','6503.6','area',6504,2),(17855,'怀远县','6503.5','area',6504,2),(17854,'淮上区','6503.4','area',6503,2),(17853,'禹会区','6503.3','area',6503,2),(17852,'蚌山区','6503.2','area',6503,2),(17851,'龙子湖区','6503.1','area',6503,2),(17850,'蚌埠市','6503','area',6503,1),(17849,'南陵县','6502.7','area',6503,2),(17848,'繁昌县','6502.6','area',6503,2),(17847,'芜湖县','6502.5','area',6503,2),(17846,'鸠江区','6502.4','area',6502,2),(17845,'新芜区','6502.3','area',6502,2),(17844,'马塘区','6502.2','area',6502,2),(17843,'镜湖区','6502.1','area',6502,2),(17842,'芜湖市','6502','area',6502,1),(17841,'肥西县','6501.7','area',6502,2),(17840,'肥东县','6501.6','area',6502,2),(17839,'长丰县','6501.5','area',6502,2),(17838,'包河区','6501.4','area',6501,2),(17837,'蜀山区','6501.3','area',6501,2),(17836,'庐阳区','6501.2','area',6501,2),(17835,'瑶海区','6501.1','area',6501,2),(17834,'合肥市','6501','area',6501,1),(17833,'安徽省','6500','area',6500,0),(17832,'龙泉市','6011.9','area',6012,2),(17831,'景宁畲族自治县','6011.8','area',6012,2),(17830,'庆元县','6011.7','area',6012,2),(17829,'云和县','6011.6','area',6012,2),(17828,'松阳县','6011.5','area',6012,2),(17827,'遂昌县','6011.4','area',6011,2),(17826,'缙云县','6011.3','area',6011,2),(17825,'青田县','6011.2','area',6011,2),(17824,'莲都区','6011.1','area',6011,2),(17823,'丽水市','6011','area',6011,1),(17822,'临海市','6010.9','area',6011,2),(17821,'温岭市','6010.8','area',6011,2),(17820,'仙居县','6010.7','area',6011,2),(17819,'天台县','6010.6','area',6011,2),(17818,'三门县','6010.5','area',6011,2),(17817,'玉环县','6010.4','area',6010,2),(17816,'路桥区','6010.3','area',6010,2),(17815,'黄岩区','6010.2','area',6010,2),(17814,'椒江区','6010.1','area',6010,2),(17813,'台州市','6010','area',6010,1),(17812,'嵊泗县','6009.4','area',6009,2),(17811,'岱山县','6009.3','area',6009,2),(17810,'普陀区','6009.2','area',6009,2),(17809,'定海区','6009.1','area',6009,2),(17808,'舟山市','6009','area',6009,1),(17807,'江山市','6008.6','area',6009,2),(17806,'龙游县','6008.5','area',6009,2),(17805,'开化县','6008.4','area',6008,2),(17804,'常山县','6008.3','area',6008,2),(17803,'衢江区','6008.2','area',6008,2),(17802,'柯城区','6008.1','area',6008,2),(17801,'衢州市','6008','area',6008,1),(17800,'永康市','6007.9','area',6008,2),(17799,'东阳市','6007.8','area',6008,2),(17798,'义乌市','6007.7','area',6008,2),(17797,'兰溪市','6007.6','area',6008,2),(17796,'磐安县','6007.5','area',6008,2),(17795,'浦江县','6007.4','area',6007,2),(17794,'武义县','6007.3','area',6007,2),(17793,'金东区','6007.2','area',6007,2),(17792,'婺城区','6007.1','area',6007,2),(17791,'金华市','6007','area',6007,1),(17790,'嵊州市','6006.6','area',6007,2),(17789,'上虞市','6006.5','area',6007,2),(17788,'诸暨市','6006.4','area',6006,2),(17787,'新昌县','6006.3','area',6006,2),(17786,'绍兴县','6006.2','area',6006,2),(17785,'越城区','6006.1','area',6006,2),(17784,'绍兴市','6006','area',6006,1),(17783,'安吉县','6005.5','area',6006,2),(17782,'长兴县','6005.4','area',6005,2),(17781,'德清县','6005.3','area',6005,2),(17780,'南浔区','6005.2','area',6005,2),(17779,'吴兴区','6005.1','area',6005,2),(17778,'湖州市','6005','area',6005,1),(17777,'桐乡市','6004.7','area',6005,2),(17776,'平湖市','6004.6','area',6005,2),(17775,'海宁市','6004.5','area',6005,2),(17774,'海盐县','6004.4','area',6004,2),(17773,'嘉善县','6004.3','area',6004,2),(17772,'秀洲区','6004.2','area',6004,2),(17771,'秀城区','6004.1','area',6004,2),(17770,'嘉兴市','6004','area',6004,1),(17769,'乐清市','6003.11','area',6003,2),(17768,'瑞安市','6003.10','area',6003,2),(17767,'泰顺县','6003.9','area',6004,2),(17766,'文成县','6003.8','area',6004,2),(17765,'苍南县','6003.7','area',6004,2),(17764,'平阳县','6003.6','area',6004,2),(17763,'永嘉县','6003.5','area',6004,2),(17762,'洞头县','6003.4','area',6003,2),(17761,'瓯海区','6003.3','area',6003,2),(17760,'龙湾区','6003.2','area',6003,2),(17759,'鹿城区','6003.1','area',6003,2),(17758,'温州市','6003','area',6003,1),(17757,'奉化市','6002.11','area',6002,2),(17756,'慈溪市','6002.10','area',6002,2),(17755,'余姚市','6002.9','area',6003,2),(17754,'宁海县','6002.8','area',6003,2),(17753,'象山县','6002.7','area',6003,2),(17752,'鄞州区','6002.6','area',6003,2),(17751,'镇海区','6002.5','area',6003,2),(17750,'北仑区','6002.4','area',6002,2),(17749,'江北区','6002.3','area',6002,2),(17748,'江东区','6002.2','area',6002,2),(17747,'海曙区','6002.1','area',6002,2),(17746,'宁波市','6002','area',6002,1),(17745,'临安市','6001.13','area',6001,2),(17744,'富阳市','6001.12','area',6001,2),(17743,'建德市','6001.11','area',6001,2),(17742,'淳安县','6001.10','area',6001,2),(17741,'桐庐县','6001.9','area',6002,2),(17740,'余杭区','6001.8','area',6002,2),(17739,'萧山区','6001.7','area',6002,2),(17738,'滨江区','6001.6','area',6002,2),(17737,'西湖区','6001.5','area',6002,2),(17736,'拱墅区','6001.4','area',6001,2),(17735,'江干区','6001.3','area',6001,2),(17734,'下城区','6001.2','area',6001,2),(17733,'上城区','6001.1','area',6001,2),(17732,'杭州市','6001','area',6001,1),(17731,'浙江省','6000','area',6000,0),(17730,'泗洪县','5513.5','area',5514,2),(17729,'泗阳县','5513.4','area',5513,2),(17728,'沭阳县','5513.3','area',5513,2),(17727,'宿豫区','5513.2','area',5513,2),(17726,'宿城区','5513.1','area',5513,2),(17725,'宿迁市','5513','area',5513,1),(17724,'姜堰市','5512.6','area',5513,2),(17723,'泰兴市','5512.5','area',5513,2),(17722,'靖江市','5512.4','area',5512,2),(17721,'兴化市','5512.3','area',5512,2),(17720,'高港区','5512.2','area',5512,2),(17719,'海陵区','5512.1','area',5512,2),(17718,'泰州市','5512','area',5512,1),(17717,'句容市','5511.6','area',5512,2),(17716,'扬中市','5511.5','area',5512,2),(17715,'丹阳市','5511.4','area',5511,2),(17714,'丹徒区','5511.3','area',5511,2),(17713,'润州区','5511.2','area',5511,2),(17712,'京口区','5511.1','area',5511,2),(17711,'镇江市','5511','area',5511,1),(17710,'江都市','5510.7','area',5511,2),(17709,'高邮市','5510.6','area',5511,2),(17708,'仪征市','5510.5','area',5511,2),(17707,'宝应县','5510.4','area',5510,2),(17706,'郊　区','5510.3','area',5510,2),(17705,'邗江区','5510.2','area',5510,2),(17704,'广陵区','5510.1','area',5510,2),(17703,'扬州市','5510','area',5510,1),(17702,'大丰市','5509.9','area',5510,2),(17701,'东台市','5509.8','area',5510,2),(17700,'建湖县','5509.7','area',5510,2),(17699,'射阳县','5509.6','area',5510,2),(17698,'阜宁县','5509.5','area',5510,2),(17697,'滨海县','5509.4','area',5509,2),(17696,'响水县','5509.3','area',5509,2),(17695,'盐都区','5509.2','area',5509,2),(17694,'亭湖区','5509.1','area',5509,2),(17693,'盐城市','5509','area',5509,1),(17692,'金湖县','5508.8','area',5509,2),(17691,'盱眙县','5508.7','area',5509,2),(17690,'洪泽县','5508.6','area',5509,2),(17689,'涟水县','5508.5','area',5509,2),(17688,'清浦区','5508.4','area',5508,2),(17687,'淮阴区','5508.3','area',5508,2),(17686,'楚州区','5508.2','area',5508,2),(17685,'清河区','5508.1','area',5508,2),(17684,'淮安市','5508','area',5508,1),(17683,'灌南县','5507.7','area',5508,2),(17682,'灌云县','5507.6','area',5508,2),(17681,'东海县','5507.5','area',5508,2),(17680,'赣榆县','5507.4','area',5507,2),(17679,'海州区','5507.3','area',5507,2),(17678,'新浦区','5507.2','area',5507,2),(17677,'连云区','5507.1','area',5507,2),(17676,'连云港市','5507','area',5507,1),(17675,'海门市','5506.8','area',5507,2),(17674,'通州市','5506.7','area',5507,2),(17673,'如皋市','5506.6','area',5507,2),(17672,'启东市','5506.5','area',5507,2),(17671,'如东县','5506.4','area',5506,2),(17670,'海安县','5506.3','area',5506,2),(17669,'港闸区','5506.2','area',5506,2),(17668,'崇川区','5506.1','area',5506,2),(17667,'南通市','5506','area',5506,1),(17666,'太仓市','5505.11','area',5505,2),(17665,'吴江市','5505.10','area',5505,2),(17664,'昆山市','5505.9','area',5506,2),(17663,'张家港市','5505.8','area',5506,2),(17662,'常熟市','5505.7','area',5506,2),(17661,'相城区','5505.6','area',5506,2),(17660,'吴中区','5505.5','area',5506,2),(17659,'虎丘区','5505.4','area',5505,2),(17658,'金阊区','5505.3','area',5505,2),(17657,'平江区','5505.2','area',5505,2),(17656,'沧浪区','5505.1','area',5505,2),(17655,'苏州市','5505','area',5505,1),(17654,'金坛市','5504.7','area',5505,2),(17653,'溧阳市','5504.6','area',5505,2),(17652,'武进区','5504.5','area',5505,2),(17651,'新北区','5504.4','area',5504,2),(17650,'戚墅堰区','5504.3','area',5504,2),(17649,'钟楼区','5504.2','area',5504,2),(17648,'天宁区','5504.1','area',5504,2),(17647,'常州市','5504','area',5504,1),(17646,'邳州市','5503.11','area',5503,2),(17645,'新沂市','5503.10','area',5503,2),(17644,'睢宁县','5503.9','area',5504,2),(17643,'铜山县','5503.8','area',5504,2),(17642,'沛　县','5503.7','area',5504,2),(17641,'丰　县','5503.6','area',5504,2),(17640,'泉山区','5503.5','area',5504,2),(17639,'贾汪区','5503.4','area',5503,2),(17638,'九里区','5503.3','area',5503,2),(17637,'云龙区','5503.2','area',5503,2),(17636,'鼓楼区','5503.1','area',5503,2),(17635,'徐州市','5503','area',5503,1),(17634,'宜兴市','5502.8','area',5503,2),(17633,'江阴市','5502.7','area',5503,2),(17632,'滨湖区','5502.6','area',5503,2),(17631,'惠山区','5502.5','area',5503,2),(17630,'锡山区','5502.4','area',5502,2),(17629,'北塘区','5502.3','area',5502,2),(17628,'南长区','5502.2','area',5502,2),(17627,'崇安区','5502.1','area',5502,2),(17626,'无锡市','5502','area',5502,1),(17625,'高淳县','5501.13','area',5501,2),(17624,'溧水县','5501.12','area',5501,2),(17623,'六合区','5501.11','area',5501,2),(17622,'江宁区','5501.10','area',5501,2),(17621,'雨花台区','5501.9','area',5502,2),(17620,'栖霞区','5501.8','area',5502,2),(17619,'浦口区','5501.7','area',5502,2),(17618,'下关区','5501.6','area',5502,2),(17617,'鼓楼区','5501.5','area',5502,2),(17616,'建邺区','5501.4','area',5501,2),(17615,'秦淮区','5501.3','area',5501,2),(17614,'白下区','5501.2','area',5501,2),(17613,'武区','5501.1','area',5501,2),(17612,'南京市','5501','area',5501,1),(17611,'江苏省','5500','area',5500,0),(17610,'崇明县','5019','area',5019,1),(17609,'奉贤区','5018','area',5018,1),(17608,'南汇区','5017','area',5017,1),(17607,'青浦区','5016','area',5016,1),(17606,'松江区','5015','area',5015,1),(17605,'金山区','5014','area',5014,1),(17604,'浦东新区','5013','area',5013,1),(17603,'嘉定区','5012','area',5012,1),(17602,'宝山区','5011','area',5011,1),(17601,'闵行区','5010','area',5010,1),(17600,'杨浦区','5009','area',5009,1),(17599,'虹口区','5008','area',5008,1),(17598,'闸北区','5007','area',5007,1),(17597,'普陀区','5006','area',5006,1),(17596,'静安区','5005','area',5005,1),(17595,'长宁区','5004','area',5004,1),(17594,'徐汇区','5003','area',5003,1),(17593,'卢湾区','5002','area',5002,1),(17592,'黄浦区','5001','area',5001,1),(17591,'上海市','5000','area',5000,0),(17590,'漠河县','4513.3','area',4513,2),(17589,'塔河县','4513.2','area',4513,2),(17588,'呼玛县','4513.1','area',4513,2),(17587,'大兴安岭地区','4513','area',4513,1),(17586,'海伦市','4512.10','area',4512,2),(17585,'肇东市','4512.9','area',4513,2),(17584,'安达市','4512.8','area',4513,2),(17583,'绥棱县','4512.7','area',4513,2),(17582,'明水县','4512.6','area',4513,2),(17581,'庆安县','4512.5','area',4513,2),(17580,'青冈县','4512.4','area',4512,2),(17579,'兰西县','4512.3','area',4512,2),(17578,'望奎县','4512.2','area',4512,2),(17577,'北林区','4512.1','area',4512,2),(17576,'绥化市','4512','area',4512,1),(17575,'五大连池市','4511.6','area',4512,2),(17574,'北安市','4511.5','area',4512,2),(17573,'孙吴县','4511.4','area',4511,2),(17572,'逊克县','4511.3','area',4511,2),(17571,'嫩江县','4511.2','area',4511,2),(17570,'爱辉区','4511.1','area',4511,2),(17569,'黑河市','4511','area',4511,1),(17568,'穆棱市','4510.10','area',4510,2),(17567,'宁安市','4510.9','area',4511,2),(17566,'海林市','4510.8','area',4511,2),(17565,'绥芬河市','4510.7','area',4511,2),(17564,'林口县','4510.6','area',4511,2),(17563,'东宁县','4510.5','area',4511,2),(17562,'西安区','4510.4','area',4510,2),(17561,'爱民区','4510.3','area',4510,2),(17560,'阳明区','4510.2','area',4510,2),(17559,'东安区','4510.1','area',4510,2),(17558,'牡丹江市','4510','area',4510,1),(17557,'勃利县','4509.4','area',4509,2),(17556,'茄子河区','4509.3','area',4509,2),(17555,'桃山区','4509.2','area',4509,2),(17554,'新兴区','4509.1','area',4509,2),(17553,'七台河市','4509','area',4509,1),(17552,'富锦市','4508.11','area',4508,2),(17551,'同江市','4508.10','area',4508,2),(17550,'抚远县','4508.9','area',4509,2),(17549,'汤原县','4508.8','area',4509,2),(17548,'桦川县','4508.7','area',4509,2),(17547,'桦南县','4508.6','area',4509,2),(17546,'郊　区','4508.5','area',4509,2),(17545,'东风区','4508.4','area',4508,2),(17544,'前进区','4508.3','area',4508,2),(17543,'向阳区','4508.2','area',4508,2),(17542,'永红区','4508.1','area',4508,2),(17541,'佳木斯市','4508','area',4508,1),(17540,'铁力市','4507.17','area',4507,2),(17539,'嘉荫县','4507.16','area',4507,2),(17538,'上甘岭区','4507.15','area',4507,2),(17537,'红星区','4507.14','area',4507,2),(17536,'乌伊岭区','4507.13','area',4507,2),(17535,'带岭区','4507.12','area',4507,2),(17534,'汤旺河区','4507.11','area',4507,2),(17533,'乌马河区','4507.10','area',4507,2),(17532,'五营区','4507.9','area',4508,2),(17531,'金山屯区','4507.8','area',4508,2),(17530,'美溪区','4507.7','area',4508,2),(17529,'新青区','4507.6','area',4508,2),(17528,'翠峦区','4507.5','area',4508,2),(17527,'西林区','4507.4','area',4507,2),(17526,'友好区','4507.3','area',4507,2),(17525,'南岔区','4507.2','area',4507,2),(17524,'伊春区','4507.1','area',4507,2),(17523,'伊春市','4507','area',4507,1),(17522,'杜尔伯特蒙古族自治县','4506.9','area',4507,2),(17521,'林甸县','4506.8','area',4507,2),(17520,'肇源县','4506.7','area',4507,2),(17519,'肇州县','4506.6','area',4507,2),(17518,'大同区','4506.5','area',4507,2),(17517,'红岗区','4506.4','area',4506,2),(17516,'让胡路区','4506.3','area',4506,2),(17515,'龙凤区','4506.2','area',4506,2),(17514,'萨尔图区','4506.1','area',4506,2),(17513,'大庆市','4506','area',4506,1),(17512,'饶河县','4505.8','area',4506,2),(17511,'宝清县','4505.7','area',4506,2),(17510,'友谊县','4505.6','area',4506,2),(17509,'集贤县','4505.5','area',4506,2),(17508,'宝山区','4505.4','area',4505,2),(17507,'四方台区','4505.3','area',4505,2),(17506,'岭东区','4505.2','area',4505,2),(17505,'尖山区','4505.1','area',4505,2),(17504,'双鸭山市','4505','area',4505,1),(17503,'绥滨县','4504.8','area',4505,2),(17502,'萝北县','4504.7','area',4505,2),(17501,'兴山区','4504.6','area',4505,2),(17500,'东山区','4504.5','area',4505,2),(17499,'兴安区','4504.4','area',4504,2),(17498,'南山区','4504.3','area',4504,2),(17497,'工农区','4504.2','area',4504,2),(17496,'向阳区','4504.1','area',4504,2),(17495,'鹤岗市','4504','area',4504,1),(17494,'密山市','4503.9','area',4504,2),(17493,'虎林市','4503.8','area',4504,2),(17492,'鸡东县','4503.7','area',4504,2),(17491,'麻山区','4503.6','area',4504,2),(17490,'城子河区','4503.5','area',4504,2),(17489,'梨树区','4503.4','area',4503,2),(17488,'滴道区','4503.3','area',4503,2),(17487,'恒山区','4503.2','area',4503,2),(17486,'鸡冠区','4503.1','area',4503,2),(17485,'鸡西市','4503','area',4503,1),(17484,'讷河市','4502.15','area',4502,2),(17483,'拜泉县','4502.14','area',4502,2),(17482,'克东县','4502.13','area',4502,2),(17481,'克山县','4502.12','area',4502,2),(17480,'富裕县','4502.11','area',4502,2),(17479,'甘南县','4502.10','area',4502,2),(17478,'泰来县','4502.9','area',4503,2),(17477,'龙江县 依安县','4502.8','area',4503,2),(17476,'梅里斯达斡尔族区','4502.7','area',4503,2),(17475,'碾子山区','4502.6','area',4503,2),(17474,'富拉尔基区','4502.5','area',4503,2),(17473,'昂昂溪区','4502.4','area',4502,2),(17472,'铁锋区','4502.3','area',4502,2),(17471,'建华区','4502.2','area',4502,2),(17470,'龙沙区','4502.1','area',4502,2),(17469,'齐齐哈尔市','4502','area',4502,1),(17468,'五常市','4501.19','area',4501,2),(17467,'尚志市','4501.18','area',4501,2),(17466,'双城市','4501.17','area',4501,2),(17465,'阿城市','4501.16','area',4501,2),(17464,'延寿县','4501.15','area',4501,2),(17463,'通河县','4501.14','area',4501,2),(17462,'木兰县','4501.13','area',4501,2),(17461,'巴彦县','4501.12','area',4501,2),(17460,'宾　县','4501.11','area',4501,2),(17459,'方正县','4501.10','area',4501,2),(17458,'依兰县','4501.9','area',4502,2),(17457,'呼兰区','4501.8','area',4502,2),(17456,'松北区','4501.7','area',4502,2),(17455,'平房区','4501.6','area',4502,2),(17454,'动力区','4501.5','area',4502,2),(17453,'香坊区','4501.4','area',4501,2),(17452,'道外区','4501.3','area',4501,2),(17451,'南岗区','4501.2','area',4501,2),(17450,'道里区','4501.1','area',4501,2),(17449,'哈尔滨市','4501','area',4501,1),(17448,'黑龙江省','4500','area',4500,0),(17447,'安图县','4009.8','area',4010,2),(17446,'汪清县','4009.7','area',4010,2),(17445,'和龙市','4009.6','area',4010,2),(17444,'龙井市','4009.5','area',4010,2),(17443,'珲春市','4009.4','area',4009,2),(17442,'敦化市','4009.3','area',4009,2),(17441,'图们市','4009.2','area',4009,2),(17440,'延吉市','4009.1','area',4009,2),(17439,'延边朝鲜族自治州','4009','area',4009,1),(17438,'大安市','4008.5','area',4009,2),(17437,'洮南市','4008.4','area',4008,2),(17436,'通榆县','4008.3','area',4008,2),(17435,'镇赉县','4008.2','area',4008,2),(17434,'洮北区','4008.1','area',4008,2),(17433,'白城市','4008','area',4008,1),(17432,'扶余县','4007.5','area',4008,2),(17431,'乾安县','4007.4','area',4007,2),(17430,'长岭县','4007.3','area',4007,2),(17429,'前郭尔罗斯蒙古族自治县','4007.2','area',4007,2),(17428,'宁江区','4007.1','area',4007,2),(17427,'松原市','4007','area',4007,1),(17426,'临江市','4006.6','area',4007,2),(17425,'江源县','4006.5','area',4007,2),(17424,'长白朝鲜族自治县','4006.4','area',4006,2),(17423,'靖宇县','4006.3','area',4006,2),(17422,'抚松县','4006.2','area',4006,2),(17421,'八道江区','4006.1','area',4006,2),(17420,'白山市','4006','area',4006,1),(17419,'集安市','4005.7','area',4006,2),(17418,'梅河口市','4005.6','area',4006,2),(17417,'柳河县','4005.5','area',4006,2),(17416,'辉南县','4005.4','area',4005,2),(17415,'通化县','4005.3','area',4005,2),(17414,'二道江区','4005.2','area',4005,2),(17413,'东昌区','4005.1','area',4005,2),(17412,'通化市','4005','area',4005,1),(17411,'东辽县','4004.4','area',4004,2),(17410,'东丰县','4004.3','area',4004,2),(17409,'西安区','4004.2','area',4004,2),(17408,'龙山区','4004.1','area',4004,2),(17407,'辽源市','4004','area',4004,1),(17406,'双辽市','4003.6','area',4004,2),(17405,'公主岭市','4003.5','area',4004,2),(17404,'伊通满族自治县','4003.4','area',4003,2),(17403,'梨树县','4003.3','area',4003,2),(17402,'铁东区','4003.2','area',4003,2),(17401,'铁西区','4003.1','area',4003,2),(17400,'四平市','4003','area',4003,1),(17399,'磐石市','4002.9','area',4003,2),(17398,'舒兰市','4002.8','area',4003,2),(17397,'桦甸市','4002.7','area',4003,2),(17396,'蛟河市','4002.6','area',4003,2),(17395,'永吉县','4002.5','area',4003,2),(17394,'丰满区','4002.4','area',4002,2),(17393,'船营区','4002.3','area',4002,2),(17392,'龙潭区','4002.2','area',4002,2),(17391,'昌邑区','4002.1','area',4002,2),(17390,'吉林市','4002','area',4002,1),(17389,'德惠市','4001.10','area',4001,2),(17388,'榆树市','4001.9','area',4002,2),(17387,'九台市','4001.8','area',4002,2),(17386,'农安县','4001.7','area',4002,2),(17385,'双阳区','4001.6','area',4002,2),(17384,'绿园区','4001.5','area',4002,2),(17383,'二道区','4001.4','area',4001,2),(17382,'朝阳区','4001.3','area',4001,2),(17381,'宽城区','4001.2','area',4001,2),(17380,'南关区','4001.1','area',4001,2),(17379,'长春市','4001','area',4001,1),(17378,'吉林省','4000','area',4000,0),(17377,'兴城市','3514.6','area',3515,2),(17376,'建昌县','3514.5','area',3515,2),(17375,'绥中县','3514.4','area',3514,2),(17374,'南票区','3514.3','area',3514,2),(17373,'龙港区','3514.2','area',3514,2),(17372,'连山区','3514.1','area',3514,2),(17371,'葫芦岛市','3514','area',3514,1),(17370,'凌源市','3513.7','area',3514,2),(17369,'北票市','3513.6','area',3514,2),(17368,'喀喇沁左翼蒙古族自治县','3513.5','area',3514,2),(17367,'建平县','3513.4','area',3513,2),(17366,'朝阳县','3513.3','area',3513,2),(17365,'龙城区','3513.2','area',3513,2),(17364,'双塔区','3513.1','area',3513,2),(17363,'朝阳市','3513','area',3513,1),(17362,'开原市','3512.7','area',3513,2),(17361,'调兵山市','3512.6','area',3513,2),(17360,'昌图县','3512.5','area',3513,2),(17359,'西丰县','3512.4','area',3512,2),(17358,'铁岭县','3512.3','area',3512,2),(17357,'清河区','3512.2','area',3512,2),(17356,'银州区','3512.1','area',3512,2),(17355,'铁岭市','3512','area',3512,1),(17354,'盘山县','3511.4','area',3511,2),(17353,'大洼县','3511.3','area',3511,2),(17352,'兴隆台区','3511.2','area',3511,2),(17351,'双台子区','3511.1','area',3511,2),(17350,'盘锦市','3511','area',3511,1),(17349,'灯塔市','3510.7','area',3511,2),(17348,'辽阳县','3510.6','area',3511,2),(17347,'太子河区','3510.5','area',3511,2),(17346,'弓长岭区','3510.4','area',3510,2),(17345,'宏伟区','3510.3','area',3510,2),(17344,'文圣区','3510.2','area',3510,2),(17343,'白塔区','3510.1','area',3510,2),(17342,'辽阳市','3510','area',3510,1),(17341,'彰武县','3509.7','area',3510,2),(17340,'阜新蒙古族自治县','3509.6','area',3510,2),(17339,'细河区','3509.5','area',3510,2),(17338,'清河门区','3509.4','area',3509,2),(17337,'太平区','3509.3','area',3509,2),(17336,'新邱区','3509.2','area',3509,2),(17335,'海州区','3509.1','area',3509,2),(17334,'阜新市','3509','area',3509,1),(17333,'大石桥市','3508.6','area',3509,2),(17332,'盖州市','3508.5','area',3509,2),(17331,'老边区','3508.4','area',3508,2),(17330,'鲅鱼圈区','3508.3','area',3508,2),(17329,'西市区','3508.2','area',3508,2),(17328,'站前区','3508.1','area',3508,2),(17327,'营口市','3508','area',3508,1),(17326,'北宁市','3507.7','area',3508,2),(17325,'凌海市','3507.6','area',3508,2),(17324,'义　县','3507.5','area',3508,2),(17323,'黑山县','3507.4','area',3507,2),(17322,'太和区','3507.3','area',3507,2),(17321,'凌河区','3507.2','area',3507,2),(17320,'古塔区','3507.1','area',3507,2),(17319,'锦州市','3507','area',3507,1),(17318,'凤城市','3506.6','area',3507,2),(17317,'东港市','3506.5','area',3507,2),(17316,'宽甸满族自治县','3506.4','area',3506,2),(17315,'振安区','3506.3','area',3506,2),(17314,'振兴区','3506.2','area',3506,2),(17313,'元宝区','3506.1','area',3506,2),(17312,'丹东市','3506','area',3506,1),(17311,'桓仁满族自治县','3505.6','area',3506,2),(17310,'本溪满族自治县','3505.5','area',3506,2),(17309,'南芬区','3505.4','area',3505,2),(17308,'明山区','3505.3','area',3505,2),(17307,'溪湖区','3505.2','area',3505,2),(17306,'平山区','3505.1','area',3505,2),(17305,'本溪市','3505','area',3505,1),(17304,'清原满族自治县','3504.7','area',3505,2),(17303,'新宾满族自治县','3504.6','area',3505,2),(17302,'抚顺县','3504.5','area',3505,2),(17301,'顺城区','3504.4','area',3504,2),(17300,'望花区','3504.3','area',3504,2),(17299,'东洲区','3504.2','area',3504,2),(17298,'新抚区','3504.1','area',3504,2),(17297,'抚顺市','3504','area',3504,1),(17296,'海城市','3503.7','area',3504,2),(17295,'岫岩满族自治县','3503.6','area',3504,2),(17294,'台安县','3503.5','area',3504,2),(17293,'千山区','3503.4','area',3503,2),(17292,'立山区','3503.3','area',3503,2),(17291,'铁西区','3503.2','area',3503,2),(17290,'铁东区','3503.1','area',3503,2),(17289,'鞍山市','3503','area',3503,1),(17288,'庄河市','3502.10','area',3502,2),(17287,'普兰店市','3502.9','area',3503,2),(17286,'瓦房店市','3502.8','area',3503,2),(17285,'长海县','3502.7','area',3503,2),(17284,'金州区','3502.6','area',3503,2),(17283,'旅顺口区','3502.5','area',3503,2),(17282,'甘井子区','3502.4','area',3502,2),(17281,'沙河口区','3502.3','area',3502,2),(17280,'西岗区','3502.2','area',3502,2),(17279,'中山区','3502.1','area',3502,2),(17278,'大连市','3502','area',3502,1),(17277,'新民市','3501.13','area',3501,2),(17276,'法库县','3501.12','area',3501,2),(17275,'康平县','3501.11','area',3501,2),(17274,'辽中县','3501.10','area',3501,2),(17273,'于洪区','3501.9','area',3502,2),(17272,'新城子区','3501.8','area',3502,2),(17271,'东陵区','3501.7','area',3502,2),(17270,'苏家屯区','3501.6','area',3502,2),(17269,'铁西区','3501.5','area',3502,2),(17268,'皇姑区','3501.4','area',3501,2),(17267,'大东区','3501.3','area',3501,2),(17266,'沈河区','3501.2','area',3501,2),(17265,'和平区','3501.1','area',3501,2),(17264,'沈阳市','3501','area',3501,1),(17263,'辽宁省','3500','area',3500,0),(17262,'额济纳旗','3012.3','area',3012,2),(17261,'阿拉善右旗','3012.2','area',3012,2),(17260,'阿拉善左旗','3012.1','area',3012,2),(17259,'阿拉善盟','3012','area',3012,1),(17258,'多伦县','3011.12','area',3011,2),(17257,'正蓝旗','3011.11','area',3011,2),(17256,'正镶白旗','3011.10','area',3011,2),(17255,'镶黄旗','3011.9','area',3012,2),(17254,'太仆寺旗','3011.8','area',3012,2),(17253,'西乌珠穆沁旗','3011.7','area',3012,2),(17252,'东乌珠穆沁旗','3011.6','area',3012,2),(17251,'苏尼特右旗','3011.5','area',3012,2),(17250,'苏尼特左旗','3011.4','area',3011,2),(17249,'阿巴嘎旗','3011.3','area',3011,2),(17248,'锡林浩特市','3011.2','area',3011,2),(17247,'二连浩特市','3011.1','area',3011,2),(17246,'锡林郭勒盟','3011','area',3011,1),(17245,'突泉县','3010.6','area',3011,2),(17244,'扎赉特旗','3010.5','area',3011,2),(17243,'科尔沁右翼中旗','3010.4','area',3010,2),(17242,'科尔沁右翼前旗','3010.3','area',3010,2),(17241,'阿尔山市','3010.2','area',3010,2),(17240,'乌兰浩特市','3010.1','area',3010,2),(17239,'兴安盟','3010','area',3010,1),(17238,'丰镇市','3009.11','area',3009,2),(17237,'四子王旗','3009.10','area',3009,2),(17236,'察哈尔右翼后旗','3009.9','area',3010,2),(17235,'察哈尔右翼中旗','3009.8','area',3010,2),(17234,'察哈尔右翼前旗','3009.7','area',3010,2),(17233,'凉城县','3009.6','area',3010,2),(17232,'兴和县','3009.5','area',3010,2),(17231,'商都县','3009.4','area',3009,2),(17230,'化德县','3009.3','area',3009,2),(17229,'卓资县','3009.2','area',3009,2),(17228,'集宁区','3009.1','area',3009,2),(17227,'乌兰察布市','3009','area',3009,1),(17226,'杭锦后旗','3008.7','area',3009,2),(17225,'乌拉特后旗','3008.6','area',3009,2),(17224,'乌拉特中旗','3008.5','area',3009,2),(17223,'乌拉特前旗','3008.4','area',3008,2),(17222,'磴口县','3008.3','area',3008,2),(17221,'五原县','3008.2','area',3008,2),(17220,'临河区','3008.1','area',3008,2),(17219,'巴彦淖尔市','3008','area',3008,1),(17218,'根河市','3007.13','area',3007,2),(17217,'额尔古纳市','3007.12','area',3007,2),(17216,'扎兰屯市','3007.11','area',3007,2),(17215,'牙克石市','3007.10','area',3007,2),(17214,'满洲里市','3007.9','area',3008,2),(17213,'新巴尔虎右旗','3007.8','area',3008,2),(17212,'新巴尔虎左旗','3007.7','area',3008,2),(17211,'陈巴尔虎旗','3007.6','area',3008,2),(17210,'鄂温克族自治旗','3007.5','area',3008,2),(17209,'鄂伦春自治旗','3007.4','area',3007,2),(17208,'莫力达瓦达斡尔族自治旗','3007.3','area',3007,2),(17207,'阿荣旗','3007.2','area',3007,2),(17206,'海拉尔区','3007.1','area',3007,2),(17205,'呼伦贝尔市','3007','area',3007,1),(17204,'伊金霍洛旗','3006.8','area',3007,2),(17203,'乌审旗','3006.7','area',3007,2),(17202,'杭锦旗','3006.6','area',3007,2),(17201,'鄂托克旗','3006.5','area',3007,2),(17200,'鄂托克前旗','3006.4','area',3006,2),(17199,'准格尔旗','3006.3','area',3006,2),(17198,'达拉特旗','3006.2','area',3006,2),(17197,'东胜区','3006.1','area',3006,2),(17196,'鄂尔多斯市','3006','area',3006,1),(17195,'霍林郭勒市','3005.8','area',3006,2),(17194,'扎鲁特旗','3005.7','area',3006,2),(17193,'奈曼旗','3005.6','area',3006,2),(17192,'库伦旗','3005.5','area',3006,2),(17191,'开鲁县','3005.4','area',3005,2),(17190,'科尔沁左翼后旗','3005.3','area',3005,2),(17189,'科尔沁左翼中旗','3005.2','area',3005,2),(17188,'科尔沁区','3005.1','area',3005,2),(17187,'通辽市','3005','area',3005,1),(17186,'敖汉旗','3004.12','area',3004,2),(17185,'宁城县','3004.11','area',3004,2),(17184,'喀喇沁旗','3004.10','area',3004,2),(17183,'翁牛特旗','3004.9','area',3005,2),(17182,'克什克腾旗','3004.8','area',3005,2),(17181,'林西县','3004.7','area',3005,2),(17180,'巴林右旗','3004.6','area',3005,2),(17179,'巴林左旗','3004.5','area',3005,2),(17178,'阿鲁科尔沁旗','3004.4','area',3004,2),(17177,'松山区','3004.3','area',3004,2),(17176,'元宝山区','3004.2','area',3004,2),(17175,'红山区','3004.1','area',3004,2),(17174,'赤峰市','3004','area',3004,1),(17173,'乌达区','3003.3','area',3003,2),(17172,'海南区','3003.2','area',3003,2),(17171,'海勃湾区','3003.1','area',3003,2),(17170,'乌海市','3003','area',3003,1),(17169,'达尔罕茂明安联合旗','3002.9','area',3003,2),(17168,'固阳县','3002.8','area',3003,2),(17167,'土默特右旗','3002.7','area',3003,2),(17166,'九原区','3002.6','area',3003,2),(17165,'白云矿区','3002.5','area',3003,2),(17164,'石拐区','3002.4','area',3002,2),(17163,'青山区','3002.3','area',3002,2),(17162,'昆都仑区','3002.2','area',3002,2),(17161,'东河区','3002.1','area',3002,2),(17160,'包头市','3002','area',3002,1),(17159,'武川县','3001.9','area',3002,2),(17158,'清水河县','3001.8','area',3002,2),(17157,'和林格尔县','3001.7','area',3002,2),(17156,'托克托县','3001.6','area',3002,2),(17155,'土默特左旗','3001.5','area',3002,2),(17154,'赛罕区','3001.4','area',3001,2),(17153,'玉泉区','3001.3','area',3001,2),(17152,'回民区','3001.2','area',3001,2),(17151,'新城区','3001.1','area',3001,2),(17150,'呼和浩特市','3001','area',3001,1),(17149,'内蒙古自治区','3000','area',3000,0),(17148,'汾阳市','2511.13','area',2511,2),(17147,'孝义市','2511.12','area',2511,2),(17146,'交口县','2511.11','area',2511,2),(17145,'中阳县','2511.10','area',2511,2),(17144,'方山县','2511.9','area',2512,2),(17143,'岚　县','2511.8','area',2512,2),(17142,'石楼县','2511.7','area',2512,2),(17141,'柳林县','2511.6','area',2512,2),(17140,'临　县','2511.5','area',2512,2),(17139,'兴　县','2511.4','area',2511,2),(17138,'交城县','2511.3','area',2511,2),(17137,'文水县','2511.2','area',2511,2),(17136,'离石区','2511.1','area',2511,2),(17135,'吕梁市','2511','area',2511,1),(17134,'霍州市','2510.17','area',2510,2),(17133,'侯马市','2510.16','area',2510,2),(17132,'汾西县','2510.15','area',2510,2),(17131,'蒲　县','2510.14','area',2510,2),(17130,'永和县','2510.13','area',2510,2),(17129,'隰　县','2510.12','area',2510,2),(17128,'大宁县','2510.11','area',2510,2),(17127,'乡宁县','2510.10','area',2510,2),(17126,'吉　县','2510.9','area',2511,2),(17125,'浮山县','2510.8','area',2511,2),(17124,'安泽县','2510.7','area',2511,2),(17123,'古　县','2510.6','area',2511,2),(17122,'洪洞县','2510.5','area',2511,2),(17121,'襄汾县','2510.4','area',2510,2),(17120,'翼城县','2510.3','area',2510,2),(17119,'曲沃县','2510.2','area',2510,2),(17118,'尧都区','2510.1','area',2510,2),(17117,'临汾市','2510','area',2510,1),(17116,'原平市','2509.14','area',2509,2),(17115,'偏关县','2509.13','area',2509,2),(17114,'保德县','2509.12','area',2509,2),(17113,'河曲县','2509.11','area',2509,2),(17112,'岢岚县','2509.10','area',2509,2),(17111,'五寨县','2509.9','area',2510,2),(17110,'神池县','2509.8','area',2510,2),(17109,'静乐县','2509.7','area',2510,2),(17108,'宁武县','2509.6','area',2510,2),(17107,'繁峙县','2509.5','area',2510,2),(17106,'代　县','2509.4','area',2509,2),(17105,'五台县','2509.3','area',2509,2),(17104,'定襄县','2509.2','area',2509,2),(17103,'忻府区','2509.1','area',2509,2),(17102,'忻州市','2509','area',2509,1),(17101,'河津市','2508.13','area',2508,2),(17100,'永济市','2508.12','area',2508,2),(17099,'芮城县','2508.11','area',2508,2),(17098,'平陆县','2508.10','area',2508,2),(17097,'夏　县','2508.9','area',2509,2),(17096,'垣曲县','2508.8','area',2509,2),(17095,'绛　县','2508.7','area',2509,2),(17094,'新绛县','2508.6','area',2509,2),(17093,'稷山县','2508.5','area',2509,2),(17092,'闻喜县','2508.4','area',2508,2),(17091,'万荣县','2508.3','area',2508,2),(17090,'临猗县','2508.2','area',2508,2),(17089,'盐湖区','2508.1','area',2508,2),(17088,'运城市','2508','area',2508,1),(17087,'介休市','2507.11','area',2507,2),(17086,'灵石县','2507.10','area',2507,2),(17085,'平遥县','2507.9','area',2508,2),(17084,'祁　县','2507.8','area',2508,2),(17083,'太谷县','2507.7','area',2508,2),(17082,'寿阳县','2507.6','area',2508,2),(17081,'昔阳县','2507.5','area',2508,2),(17080,'和顺县','2507.4','area',2507,2),(17079,'左权县','2507.3','area',2507,2),(17078,'榆社县','2507.2','area',2507,2),(17077,'榆次区','2507.1','area',2507,2),(17076,'晋中市','2507','area',2507,1),(17075,'怀仁县','2506.6','area',2507,2),(17074,'右玉县','2506.5','area',2507,2),(17073,'应　县','2506.4','area',2506,2),(17072,'山阴县','2506.3','area',2506,2),(17071,'平鲁区','2506.2','area',2506,2),(17070,'朔城区','2506.1','area',2506,2),(17069,'朔州市','2506','area',2506,1),(17068,'高平市','2505.6','area',2506,2),(17067,'泽州县','2505.5','area',2506,2),(17066,'陵川县','2505.4','area',2505,2),(17065,'阳城县','2505.3','area',2505,2),(17064,'沁水县','2505.2','area',2505,2),(17063,'城　区','2505.1','area',2505,2),(17062,'晋城市','2505','area',2505,1),(17061,'潞城市','2504.13','area',2504,2),(17060,'沁源县','2504.12','area',2504,2),(17059,'沁　县','2504.11','area',2504,2),(17058,'武乡县','2504.10','area',2504,2),(17057,'长子县','2504.9','area',2505,2),(17056,'壶关县','2504.8','area',2505,2),(17055,'黎城县','2504.7','area',2505,2),(17054,'平顺县','2504.6','area',2505,2),(17053,'屯留县','2504.5','area',2505,2),(17052,'襄垣县','2504.4','area',2504,2),(17051,'长治县','2504.3','area',2504,2),(17050,'郊　区','2504.2','area',2504,2),(17049,'城　区','2504.1','area',2504,2),(17048,'长治市','2504','area',2504,1),(17047,'盂　县','2503.5','area',2504,2),(17046,'平定县','2503.4','area',2503,2),(17045,'郊　区','2503.3','area',2503,2),(17044,'矿　区','2503.2','area',2503,2),(17043,'城　区','2503.1','area',2503,2),(17042,'阳泉市','2503','area',2503,1),(17041,'南郊区','2502.12','area',2502,2),(17040,'矿　区','2502.11','area',2502,2),(17039,'城　区','2502.10','area',2502,2),(17038,'大同县','2502.9','area',2503,2),(17037,'左云县','2502.8','area',2503,2),(17036,'浑源县','2502.7','area',2503,2),(17035,'灵丘县','2502.6','area',2503,2),(17034,'广灵县','2502.5','area',2503,2),(17033,'天镇县','2502.4','area',2502,2),(17032,'阳高县','2502.3','area',2502,2),(17031,'新荣区','2502.2','area',2502,2),(17030,'南郊区','2502.1','area',2502,2),(17029,'大同市','2502','area',2502,1),(17028,'古交市','2501.10','area',2501,2),(17027,'娄烦县','2501.9','area',2502,2),(17026,'阳曲县','2501.8','area',2502,2),(17025,'清徐县','2501.7','area',2502,2),(17024,'晋源区','2501.6','area',2502,2),(17023,'万柏林区','2501.5','area',2502,2),(17022,'尖草坪区','2501.4','area',2501,2),(17021,'杏花岭区','2501.3','area',2501,2),(17020,'迎泽区','2501.2','area',2501,2),(17019,'小店区','2501.1','area',2501,2),(17018,'太原市','2501','area',2501,1),(17017,'山西省','2500','area',2500,0),(17016,'河间市','2011.16','area',2011,2),(17015,'黄骅市','2011.15','area',2011,2),(17014,'任丘市','2011.14','area',2011,2),(17013,'泊头市','2011.13','area',2011,2),(17012,'孟村回族自治县','2011.12','area',2011,2),(17011,'献　县','2011.11','area',2011,2),(17010,'吴桥县','2011.10','area',2011,2),(17009,'南皮县','2011.9','area',2012,2),(17008,'肃宁县','2011.8','area',2012,2),(17007,'盐山县','2011.7','area',2012,2),(17006,'海兴县','2011.6','area',2012,2),(17005,'东光县','2011.5','area',2012,2),(17004,'青　县','2011.4','area',2011,2),(17003,'沧　县','2011.3','area',2011,2),(17002,'运河区','2011.2','area',2011,2),(17001,'新华区','2011.1','area',2011,2),(17000,'沧州市','2011','area',2011,1),(16999,'深州市','2010.11','area',2010,2),(16998,'冀州市','2010.10','area',2010,2),(16997,'阜城县','2010.9','area',2011,2),(16996,'景　县','2010.8','area',2011,2),(16995,'故城县','2010.7','area',2011,2),(16994,'安平县','2010.6','area',2011,2),(16993,'饶阳县','2010.5','area',2011,2),(16992,'武强县','2010.4','area',2010,2),(16991,'武邑县','2010.3','area',2010,2),(16990,'枣强县','2010.2','area',2010,2),(16989,'桃城区','2010.1','area',2010,2),(16988,'衡水市','2010','area',2010,1),(16987,'三河市','2009.10','area',2009,2),(16986,'霸州市','2009.9','area',2010,2),(16985,'大厂回族自治县','2009.8','area',2010,2),(16984,'文安县','2009.7','area',2010,2),(16983,'大城县','2009.6','area',2010,2),(16982,'香河县','2009.5','area',2010,2),(16981,'永清县','2009.4','area',2009,2),(16980,'固安县','2009.3','area',2009,2),(16979,'广阳区','2009.2','area',2009,2),(16978,'安次区','2009.1','area',2009,2),(16977,'廊坊市','2009','area',2009,1),(16976,' 围场满族蒙古族自治县','2008.11','area',2008,2),(16975,'宽城满族自治','2008.10','area',2008,2),(16974,'丰宁满族自治县','2008.9','area',2009,2),(16973,'隆化县','2008.8','area',2009,2),(16972,'滦平县','2008.7','area',2009,2),(16971,'平泉县','2008.6','area',2009,2),(16970,'兴隆县','2008.5','area',2009,2),(16969,'承德县','2008.4','area',2008,2),(16968,'鹰手营子矿区','2008.3','area',2008,2),(16967,'双滦区','2008.2','area',2008,2),(16966,'双桥区','2008.1','area',2008,2),(16965,'承德市','2008','area',2008,1),(16964,'崇礼县','2007.17','area',2007,2),(16963,'赤城县','2007.16','area',2007,2),(16962,'涿鹿县','2007.15','area',2007,2),(16961,'怀来县','2007.14','area',2007,2),(16960,'万全县','2007.13','area',2007,2),(16959,'怀安县','2007.12','area',2007,2),(16958,'阳原县','2007.11','area',2007,2),(16957,'蔚　县','2007.10','area',2007,2),(16956,'尚义县','2007.9','area',2008,2),(16955,'沽源县','2007.8','area',2008,2),(16954,'康保县','2007.7','area',2008,2),(16953,'张北县','2007.6','area',2008,2),(16952,'宣化县','2007.5','area',2008,2),(16951,'下花园区','2007.4','area',2007,2),(16950,'宣化区','2007.3','area',2007,2),(16949,'桥西区','2007.2','area',2007,2),(16948,'桥东区','2007.1','area',2007,2),(16947,'张家口市','2007','area',2007,1),(16946,'高碑店市','2006.25','area',2006,2),(16945,'安国市','2006.24','area',2006,2),(16944,'定州市','2006.23','area',2006,2),(16943,'涿州市','2006.22','area',2006,2),(16942,'雄　县','2006.21','area',2006,2),(16941,'博野县','2006.20','area',2006,2),(16940,'顺平县','2006.19','area',2006,2),(16939,'蠡　县','2006.18','area',2006,2),(16938,'曲阳县','2006.17','area',2006,2),(16937,'易县','2006.16','area',2006,2),(16936,'安新县','2006.15','area',2006,2),(16935,'望都县','2006.14','area',2006,2),(16934,'涞源县','2006.13','area',2006,2),(16933,'容城县','2006.12','area',2006,2),(16932,'高阳县','2006.11','area',2006,2),(16931,'唐　县','2006.10','area',2006,2),(16930,'定兴县','2006.9','area',2007,2),(16929,'徐水县','2006.8','area',2007,2),(16928,'阜平县','2006.7','area',2007,2),(16927,'涞水县','2006.6','area',2007,2),(16926,'清苑县','2006.5','area',2007,2),(16925,'满城县','2006.4','area',2006,2),(16924,'南市区','2006.3','area',2006,2),(16923,'北市区','2006.2','area',2006,2),(16922,'新市区','2006.1','area',2006,2),(16921,'保定市','2006','area',2006,1),(16920,'沙河市','2005.19','area',2005,2),(16919,'南宫市','2005.18','area',2005,2),(16918,'临西县','2005.17','area',2005,2),(16917,'清河县','2005.16','area',2005,2),(16916,'威　县','2005.15','area',2005,2),(16915,'平乡县','2005.14','area',2005,2),(16914,'广宗县','2005.13','area',2005,2),(16913,'新河县','2005.12','area',2005,2),(16912,'巨鹿县','2005.11','area',2005,2),(16911,'宁晋县','2005.10','area',2005,2),(16910,'南和县','2005.9','area',2006,2),(16909,'任　县','2005.8','area',2006,2),(16908,'隆尧县','2005.7','area',2006,2),(16907,'柏乡县','2005.6','area',2006,2),(16906,'内丘县','2005.5','area',2006,2),(16905,'临城县','2005.4','area',2005,2),(16904,'邢台县','2005.3','area',2005,2),(16903,'桥西区','2005.2','area',2005,2),(16902,'桥东区','2005.1','area',2005,2),(16901,'邢台市','2005','area',2005,1),(16900,'武安市','2004.20','area',2004,2),(16899,'曲周县','2004.19','area',2004,2),(16898,'魏县','2004.18','area',2004,2),(16897,'馆陶县','2004.17','area',2004,2),(16896,'广平县','2004.16','area',2004,2),(16895,'鸡泽县','2004.15','area',2004,2),(16894,'邱　县','2004.14','area',2004,2),(16893,'永年县','2004.13','area',2004,2),(16892,'肥乡县','2004.12','area',2004,2),(16891,'磁　县','2004.11','area',2004,2),(16890,'涉　县','2004.10','area',2004,2),(16889,'大名县','2004.9','area',2005,2),(16888,'成安县','2004.8','area',2005,2),(16887,'临漳县','2004.7','area',2005,2),(16886,'邯郸县','2004.6','area',2005,2),(16885,'峰峰矿区','2004.5','area',2005,2),(16884,'复兴区','2004.4','area',2004,2),(16883,'丛台区','2004.3','area',2004,2),(16882,'邯山区','2004.2','area',2004,2),(16881,'市辖区','2004.1','area',2004,2),(16880,'邯郸市','2004','area',2004,1),(16879,'卢龙县','2003.7','area',2004,2),(16878,'抚宁县','2003.6','area',2004,2),(16877,'昌黎县','2003.5','area',2004,2),(16876,'青龙满族自治县','2003.4','area',2003,2),(16875,'北戴河区','2003.3','area',2003,2),(16874,'山海关区','2003.2','area',2003,2),(16873,'海港区','2003.1','area',2003,2),(16872,'秦皇岛市','2003','area',2003,1),(16871,'迁安市','2002.14','area',2002,2),(16870,'遵化市','2002.13','area',2002,2),(16869,'唐海县','2002.12','area',2002,2),(16868,'玉田县','2002.11','area',2002,2),(16867,'迁西县','2002.10','area',2002,2),(16866,'乐亭县','2002.9','area',2003,2),(16865,'滦南县','2002.8','area',2003,2),(16864,'滦　县','2002.7','area',2003,2),(16863,'丰润区','2002.6','area',2003,2),(16862,'丰南区','2002.5','area',2003,2),(16861,'开平区','2002.4','area',2002,2),(16860,'古冶区','2002.3','area',2002,2),(16859,'路北区','2002.2','area',2002,2),(16858,'路南区','2002.1','area',2002,2),(16857,'唐山市','2002','area',2002,1),(16856,'鹿泉市','2001.23','area',2001,2),(16855,'新乐市','2001.22','area',2001,2),(16854,'晋州市','2001.21','area',2001,2),(16853,'藁城市','2001.20','area',2001,2),(16852,'辛集市','2001.19','area',2001,2),(16851,'赵　县','2001.18','area',2001,2),(16850,'元氏县','2001.17','area',2001,2),(16849,'平山县','2001.16','area',2001,2),(16848,'无极县','2001.15','area',2001,2),(16847,'赞皇县','2001.14','area',2001,2),(16846,'深泽县','2001.13','area',2001,2),(16845,'高邑县','2001.12','area',2001,2),(16844,'灵寿县','2001.11','area',2001,2),(16843,'行唐县','2001.10','area',2001,2),(16842,'栾城县','2001.9','area',2002,2),(16841,'正定县','2001.8','area',2002,2),(16840,'井陉县','2001.7','area',2002,2),(16839,'裕华区','2001.6','area',2002,2),(16838,'井陉矿区','2001.5','area',2002,2),(16837,'新华区','2001.4','area',2001,2),(16836,'桥西区','2001.3','area',2001,2),(16835,'桥东区','2001.2','area',2001,2),(16834,'长安区','2001.1','area',2001,2),(16833,'石家庄市','2001','area',2001,1),(16832,'河北省','2000','area',2000,0),(16831,'蓟　县','1518','area',1518,1),(16830,'静海县','1517','area',1517,1),(16829,'宁河县','1516','area',1516,1),(16828,'宝坻区','1515','area',1515,1),(16827,'武清区','1514','area',1514,1),(16826,'北辰区','1513','area',1513,1),(16825,'津南区','1512','area',1512,1),(16824,'西青区','1511','area',1511,1),(16823,'东丽区','1510','area',1510,1),(16822,'大港区','1509','area',1509,1),(16821,'汉沽区','1508','area',1508,1),(16820,'塘沽区','1507','area',1507,1),(16819,'红桥区','1506','area',1506,1),(16818,'河北区','1505','area',1505,1),(16817,'南开区','1504','area',1504,1),(16816,'河西区','1503','area',1503,1),(16815,'河东区','1502','area',1502,1),(16814,'和平区','1501','area',1501,1),(16813,'天津市','1500','area',1500,0),(16812,'延庆县','1018','area',1018,1),(16811,'密云县','1017','area',1017,1),(16810,'平谷区','1016','area',1016,1),(16809,'怀柔区','1015','area',1015,1),(16808,'大兴区','1014','area',1014,1),(16807,'昌平区','1013','area',1013,1),(16806,'顺义区','1012','area',1012,1),(16805,'通州区','1011','area',1011,1),(16804,'房山区','1010','area',1010,1),(16803,'门头沟区','1009','area',1009,1),(16802,'海淀区','1008','area',1008,1),(16801,'石景山区','1007','area',1007,1),(16800,'丰台区','1006','area',1006,1),(16799,'朝阳区','1005','area',1005,1),(16798,'宣武区','1004','area',1004,1),(16797,'崇文区','1003','area',1003,1),(16796,'西城区','1002','area',1002,1),(16795,'东城区','1001','area',1001,1),(16794,'北京市','1000','area',1000,0),(1,'白羊座','1','astro',1,0),(2,'金牛座','2','astro',2,0),(3,'双子座','3','astro',3,0),(4,'巨蟹座','4','astro',4,0),(5,'狮子座','5','astro',5,0),(6,'处女座','6','astro',6,0),(7,'天枰座','7','astro',7,0),(8,'天蝎座','8','astro',8,0),(9,'射手座','9','astro',9,0),(10,'摩羯座','10','astro',10,0),(11,'水瓶座','11','astro',11,0),(12,'双鱼座','12','astro',12,0),(13,'A型','1','bloodtype',1,0),(14,'B型','2','bloodtype',2,0),(15,'O型','3','bloodtype',3,0),(16,'AB型','4','bloodtype',4,0),(17,'其他','5','bloodtype',5,0),(18,'身份证','1','cardtype',1,0),(19,'护照','2','cardtype',2,0),(20,'驾驶证','3','cardtype',3,0),(21,'无安全提问','0','question',1,0),(22,'母亲的名字','1','question',2,0),(23,'爷爷的名字','2','question',3,0),(24,'父亲出生的城市','3','question',4,0),(25,'你其中一位老师的名字','4','question',5,0),(26,'你个人计算机的型号','5','question',6,0),(27,'你最喜欢的餐馆名称','6','question',7,0),(28,'驾驶执照最后四位数字','7','question',8,0),(29,'IT信息技术','1','trade',1,0),(30,'金融','2','trade',2,0),(31,'互联网','3','trade',3,0),(32,'广告传媒','4','trade',4,0),(33,'贸易零售','5','trade',5,0),(34,'交通物流','6','trade',6,0),(35,'房地产','7','trade',7,0),(36,'旅游餐饮','8','trade',8,0),(37,'加工制造业','9','trade',9,0),(38,'石化采掘','10','trade',10,0),(39,'农林牧渔','11','trade',11,0),(40,'社会服务','12','trade',12,0),(41,'医药生物','13','trade',13,0),(42,'教育培训科研','14','trade',14,0);
/*!40000 ALTER TABLE `pmw_cascadedata` ENABLE KEYS */;
UNLOCK TABLES;

--
-- Table structure for table `pmw_diyfield`
--

DROP TABLE IF EXISTS `pmw_diyfield`;
/*!40101 SET @saved_cs_client     = @@character_set_client */;
/*!40101 SET character_set_client = utf8 */;
CREATE TABLE `pmw_diyfield` (
  `id` smallint(6) unsigned NOT NULL AUTO_INCREMENT COMMENT '自定义字段id',
  `infotype` tinyint(1) unsigned NOT NULL COMMENT '所属模型',
  `catepriv` varchar(255) NOT NULL COMMENT '所属栏目',
  `fieldname` varchar(30) NOT NULL COMMENT '字段名称',
  `fieldtitle` varchar(30) NOT NULL COMMENT '字段标题',
  `fielddesc` varchar(255) NOT NULL COMMENT '字段提示',
  `fieldtype` varchar(30) NOT NULL COMMENT '字段类型',
  `fieldlong` varchar(10) NOT NULL COMMENT '字段长度',
  `fieldsel` varchar(255) NOT NULL COMMENT '字段选项值',
  `fieldcheck` varchar(80) NOT NULL COMMENT '校验正则',
  `fieldcback` varchar(30) NOT NULL COMMENT '未通过提示',
  `orderid` smallint(6) NOT NULL COMMENT '排列排序',
  `checkinfo` enum('true','false') NOT NULL COMMENT '审核状态',
  PRIMARY KEY (`id`)
) ENGINE=MyISAM AUTO_INCREMENT=3 DEFAULT CHARSET=utf8;
/*!40101 SET character_set_client = @saved_cs_client */;

--
-- Dumping data for table `pmw_diyfield`
--

LOCK TABLES `pmw_diyfield` WRITE;
/*!40000 ALTER TABLE `pmw_diyfield` DISABLE KEYS */;
INSERT INTO `pmw_diyfield` VALUES (2,1,'22,25,26','fujian','上传下载文件','','file','100','','','',1,'true');
/*!40000 ALTER TABLE `pmw_diyfield` ENABLE KEYS */;
UNLOCK TABLES;

--
-- Table structure for table `pmw_diymenu`
--

DROP TABLE IF EXISTS `pmw_diymenu`;
/*!40101 SET @saved_cs_client     = @@character_set_client */;
/*!40101 SET character_set_client = utf8 */;
CREATE TABLE `pmw_diymenu` (
  `id` smallint(5) unsigned NOT NULL AUTO_INCREMENT COMMENT '自定义菜单id',
  `siteid` smallint(5) unsigned NOT NULL DEFAULT '1' COMMENT '站点id',
  `parentid` smallint(5) unsigned NOT NULL COMMENT '所属菜单id',
  `classname` varchar(30) NOT NULL COMMENT '菜单项名称',
  `linkurl` varchar(255) NOT NULL COMMENT '跳转链接',
  `orderid` smallint(5) unsigned NOT NULL COMMENT '排列排序',
  `checkinfo` enum('true','false') NOT NULL COMMENT '审核状态',
  PRIMARY KEY (`id`)
) ENGINE=MyISAM DEFAULT CHARSET=utf8;
/*!40101 SET character_set_client = @saved_cs_client */;

--
-- Dumping data for table `pmw_diymenu`
--

LOCK TABLES `pmw_diymenu` WRITE;
/*!40000 ALTER TABLE `pmw_diymenu` DISABLE KEYS */;
/*!40000 ALTER TABLE `pmw_diymenu` ENABLE KEYS */;
UNLOCK TABLES;

--
-- Table structure for table `pmw_diymodel`
--

DROP TABLE IF EXISTS `pmw_diymodel`;
/*!40101 SET @saved_cs_client     = @@character_set_client */;
/*!40101 SET character_set_client = utf8 */;
CREATE TABLE `pmw_diymodel` (
  `id` smallint(6) unsigned NOT NULL AUTO_INCREMENT COMMENT '自定义模型id',
  `modeltitle` varchar(30) NOT NULL COMMENT '模型标题',
  `modelname` varchar(30) NOT NULL COMMENT '模型名称',
  `modeltbname` varchar(30) NOT NULL COMMENT '模型表名',
  `defaultfield` varchar(80) NOT NULL COMMENT '预设栏目',
  `orderid` smallint(6) NOT NULL COMMENT '排列排序',
  `checkinfo` enum('true','false') NOT NULL COMMENT '审核状态',
  PRIMARY KEY (`id`)
) ENGINE=MyISAM AUTO_INCREMENT=11 DEFAULT CHARSET=utf8;
/*!40101 SET character_set_client = @saved_cs_client */;

--
-- Dumping data for table `pmw_diymodel`
--

LOCK TABLES `pmw_diymodel` WRITE;
/*!40000 ALTER TABLE `pmw_diymodel` DISABLE KEYS */;
INSERT INTO `pmw_diymodel` VALUES (10,'下载中心','fujian','pmw_fujian','title,flag,picurl,orderid,posttime',1,'true');
/*!40000 ALTER TABLE `pmw_diymodel` ENABLE KEYS */;
UNLOCK TABLES;

--
-- Table structure for table `pmw_failedlogin`
--

DROP TABLE IF EXISTS `pmw_failedlogin`;
/*!40101 SET @saved_cs_client     = @@character_set_client */;
/*!40101 SET character_set_client = utf8 */;
CREATE TABLE `pmw_failedlogin` (
  `username` char(30) NOT NULL COMMENT '用户名',
  `ip` char(15) NOT NULL COMMENT '登录IP',
  `time` int(10) unsigned NOT NULL COMMENT '登录时间',
  `num` tinyint(1) NOT NULL COMMENT '失败次数',
  `isadmin` tinyint(1) NOT NULL COMMENT '是否是管理员',
  PRIMARY KEY (`username`)
) ENGINE=MyISAM DEFAULT CHARSET=utf8;
/*!40101 SET character_set_client = @saved_cs_client */;

--
-- Dumping data for table `pmw_failedlogin`
--

LOCK TABLES `pmw_failedlogin` WRITE;
/*!40000 ALTER TABLE `pmw_failedlogin` DISABLE KEYS */;
/*!40000 ALTER TABLE `pmw_failedlogin` ENABLE KEYS */;
UNLOCK TABLES;

--
-- Table structure for table `pmw_fragment`
--

DROP TABLE IF EXISTS `pmw_fragment`;
/*!40101 SET @saved_cs_client     = @@character_set_client */;
/*!40101 SET character_set_client = utf8 */;
CREATE TABLE `pmw_fragment` (
  `id` smallint(5) unsigned NOT NULL AUTO_INCREMENT COMMENT '碎片数据id',
  `title` varchar(30) NOT NULL COMMENT '碎片数据名称',
  `picurl` varchar(80) NOT NULL COMMENT '碎片数据缩略图',
  `linkurl` varchar(80) NOT NULL COMMENT '碎片数据连接',
  `content` mediumtext NOT NULL COMMENT '碎片数据内容',
  `posttime` int(10) unsigned NOT NULL COMMENT '更新时间',
  PRIMARY KEY (`id`)
) ENGINE=MyISAM DEFAULT CHARSET=utf8;
/*!40101 SET character_set_client = @saved_cs_client */;

--
-- Dumping data for table `pmw_fragment`
--

LOCK TABLES `pmw_fragment` WRITE;
/*!40000 ALTER TABLE `pmw_fragment` DISABLE KEYS */;
/*!40000 ALTER TABLE `pmw_fragment` ENABLE KEYS */;
UNLOCK TABLES;

--
-- Table structure for table `pmw_fujian`
--

DROP TABLE IF EXISTS `pmw_fujian`;
/*!40101 SET @saved_cs_client     = @@character_set_client */;
/*!40101 SET character_set_client = utf8 */;
CREATE TABLE `pmw_fujian` (
  `id` smallint(5) unsigned NOT NULL AUTO_INCREMENT COMMENT '信息id',
  `siteid` smallint(5) unsigned NOT NULL DEFAULT '1' COMMENT '站点id',
  `classid` smallint(5) unsigned NOT NULL COMMENT '信息类别id',
  `parentid` smallint(5) unsigned NOT NULL COMMENT '信息类别父id',
  `parentstr` varchar(80) NOT NULL COMMENT '信息类别父id字符串',
  `title` varchar(80) NOT NULL COMMENT '标题',
  `flag` varchar(30) NOT NULL COMMENT '属性',
  `picurl` varchar(100) NOT NULL COMMENT '缩略图片',
  `orderid` smallint(5) unsigned NOT NULL COMMENT '排列排序',
  `posttime` int(10) unsigned NOT NULL COMMENT '提交时间',
  `checkinfo` enum('true','false') NOT NULL COMMENT '审核状态',
  PRIMARY KEY (`id`)
) ENGINE=MyISAM DEFAULT CHARSET=utf8;
/*!40101 SET character_set_client = @saved_cs_client */;

--
-- Dumping data for table `pmw_fujian`
--

LOCK TABLES `pmw_fujian` WRITE;
/*!40000 ALTER TABLE `pmw_fujian` DISABLE KEYS */;
/*!40000 ALTER TABLE `pmw_fujian` ENABLE KEYS */;
UNLOCK TABLES;

--
-- Table structure for table `pmw_getmode`
--

DROP TABLE IF EXISTS `pmw_getmode`;
/*!40101 SET @saved_cs_client     = @@character_set_client */;
/*!40101 SET character_set_client = utf8 */;
CREATE TABLE `pmw_getmode` (
  `id` smallint(5) unsigned NOT NULL AUTO_INCREMENT COMMENT '货到方式id',
  `classname` varchar(30) NOT NULL COMMENT '货到方式名称',
  `orderid` smallint(5) unsigned NOT NULL COMMENT '排列排序',
  `checkinfo` enum('true','false') NOT NULL COMMENT '审核状态',
  PRIMARY KEY (`id`)
) ENGINE=MyISAM AUTO_INCREMENT=3 DEFAULT CHARSET=utf8;
/*!40101 SET character_set_client = @saved_cs_client */;

--
-- Dumping data for table `pmw_getmode`
--

LOCK TABLES `pmw_getmode` WRITE;
/*!40000 ALTER TABLE `pmw_getmode` DISABLE KEYS */;
INSERT INTO `pmw_getmode` VALUES (1,'送货上门',1,'true'),(2,'用户自取',2,'true');
/*!40000 ALTER TABLE `pmw_getmode` ENABLE KEYS */;
UNLOCK TABLES;

--
-- Table structure for table `pmw_goods`
--

DROP TABLE IF EXISTS `pmw_goods`;
/*!40101 SET @saved_cs_client     = @@character_set_client */;
/*!40101 SET character_set_client = utf8 */;
CREATE TABLE `pmw_goods` (
  `id` int(10) unsigned NOT NULL AUTO_INCREMENT COMMENT '商品id',
  `classid` smallint(5) unsigned NOT NULL COMMENT '所属栏目',
  `parentid` smallint(5) unsigned NOT NULL COMMENT '所属栏目父id',
  `parentstr` varchar(80) NOT NULL COMMENT '所属栏目父id字符串',
  `typeid` smallint(5) unsigned NOT NULL COMMENT '商品分类',
  `typepid` smallint(5) unsigned NOT NULL COMMENT '商品分类父id',
  `typepstr` varchar(80) NOT NULL COMMENT '商品分类父id字符串',
  `brandid` smallint(5) NOT NULL COMMENT '商品品牌id',
  `brandpid` smallint(5) NOT NULL COMMENT '品牌上级id',
  `brandpstr` varchar(80) NOT NULL COMMENT '品牌上级id字符串',
  `title` varchar(80) NOT NULL COMMENT '商品名称',
  `colorval` char(10) NOT NULL COMMENT '标题颜色',
  `boldval` char(10) NOT NULL COMMENT '标题加粗',
  `flag` varchar(30) NOT NULL COMMENT '属性',
  `goodsid` varchar(30) NOT NULL COMMENT '货号',
  `payfreight` enum('0','1') NOT NULL COMMENT '运费承担',
  `weight` varchar(10) NOT NULL COMMENT '重量',
  `attrstr` text NOT NULL COMMENT '属性字符串',
  `marketprice` char(10) NOT NULL COMMENT '市场价格',
  `salesprice` char(10) NOT NULL COMMENT '销售价格',
  `housenum` smallint(5) unsigned NOT NULL COMMENT '库存数量',
  `housewarn` enum('true','false') NOT NULL COMMENT '库存警告',
  `warnnum` smallint(5) unsigned NOT NULL COMMENT '警告数量',
  `integral` char(10) NOT NULL COMMENT '积分点数',
  `source` varchar(50) NOT NULL COMMENT '文章来源',
  `author` varchar(50) NOT NULL COMMENT '作者编辑',
  `linkurl` varchar(255) NOT NULL COMMENT '跳转链接',
  `keywords` varchar(30) NOT NULL COMMENT '关键词',
  `description` varchar(255) NOT NULL COMMENT '摘要',
  `content` mediumtext NOT NULL COMMENT '详细内容',
  `picurl` varchar(100) NOT NULL COMMENT '缩略图片',
  `picarr` text NOT NULL COMMENT '组图',
  `hits` int(10) unsigned NOT NULL COMMENT '点击次数',
  `orderid` int(10) unsigned NOT NULL COMMENT '排列排序',
  `posttime` int(10) unsigned NOT NULL COMMENT '更新时间',
  `checkinfo` enum('true','false') NOT NULL COMMENT '审核状态',
  `delstate` set('true') NOT NULL COMMENT '删除状态',
  `deltime` int(10) NOT NULL COMMENT '删除时间',
  PRIMARY KEY (`id`)
) ENGINE=MyISAM DEFAULT CHARSET=utf8;
/*!40101 SET character_set_client = @saved_cs_client */;

--
-- Dumping data for table `pmw_goods`
--

LOCK TABLES `pmw_goods` WRITE;
/*!40000 ALTER TABLE `pmw_goods` DISABLE KEYS */;
/*!40000 ALTER TABLE `pmw_goods` ENABLE KEYS */;
UNLOCK TABLES;

--
-- Table structure for table `pmw_goodsattr`
--

DROP TABLE IF EXISTS `pmw_goodsattr`;
/*!40101 SET @saved_cs_client     = @@character_set_client */;
/*!40101 SET character_set_client = utf8 */;
CREATE TABLE `pmw_goodsattr` (
  `id` mediumint(8) unsigned NOT NULL AUTO_INCREMENT COMMENT '商品属性id',
  `goodsid` smallint(5) unsigned NOT NULL COMMENT '所属分类',
  `attrname` varchar(30) NOT NULL COMMENT '属性名称',
  `orderid` mediumint(8) unsigned NOT NULL COMMENT '排列排序',
  `checkinfo` enum('true','false') NOT NULL COMMENT '审核状态',
  PRIMARY KEY (`id`)
) ENGINE=MyISAM DEFAULT CHARSET=utf8;
/*!40101 SET character_set_client = @saved_cs_client */;

--
-- Dumping data for table `pmw_goodsattr`
--

LOCK TABLES `pmw_goodsattr` WRITE;
/*!40000 ALTER TABLE `pmw_goodsattr` DISABLE KEYS */;
/*!40000 ALTER TABLE `pmw_goodsattr` ENABLE KEYS */;
UNLOCK TABLES;

--
-- Table structure for table `pmw_goodsbrand`
--

DROP TABLE IF EXISTS `pmw_goodsbrand`;
/*!40101 SET @saved_cs_client     = @@character_set_client */;
/*!40101 SET character_set_client = utf8 */;
CREATE TABLE `pmw_goodsbrand` (
  `id` mediumint(8) unsigned NOT NULL AUTO_INCREMENT COMMENT '商品品牌id',
  `parentid` mediumint(8) unsigned NOT NULL COMMENT '品牌上级id',
  `parentstr` varchar(50) NOT NULL COMMENT '品牌上级id字符串',
  `classname` varchar(30) NOT NULL COMMENT '品牌名称',
  `picurl` varchar(100) NOT NULL COMMENT '缩略图片',
  `linkurl` varchar(255) NOT NULL COMMENT '跳转链接',
  `orderid` mediumint(10) unsigned NOT NULL COMMENT '排列排序',
  `checkinfo` enum('true','false') NOT NULL COMMENT '审核状态',
  PRIMARY KEY (`id`)
) ENGINE=MyISAM DEFAULT CHARSET=utf8;
/*!40101 SET character_set_client = @saved_cs_client */;

--
-- Dumping data for table `pmw_goodsbrand`
--

LOCK TABLES `pmw_goodsbrand` WRITE;
/*!40000 ALTER TABLE `pmw_goodsbrand` DISABLE KEYS */;
/*!40000 ALTER TABLE `pmw_goodsbrand` ENABLE KEYS */;
UNLOCK TABLES;

--
-- Table structure for table `pmw_goodsflag`
--

DROP TABLE IF EXISTS `pmw_goodsflag`;
/*!40101 SET @saved_cs_client     = @@character_set_client */;
/*!40101 SET character_set_client = utf8 */;
CREATE TABLE `pmw_goodsflag` (
  `id` smallint(5) unsigned NOT NULL AUTO_INCREMENT COMMENT '商品标记id',
  `flag` varchar(30) NOT NULL COMMENT '标记名称',
  `flagname` varchar(30) NOT NULL COMMENT '标记标识',
  `orderid` smallint(5) unsigned NOT NULL COMMENT '排列排序',
  PRIMARY KEY (`id`)
) ENGINE=MyISAM AUTO_INCREMENT=6 DEFAULT CHARSET=utf8;
/*!40101 SET character_set_client = @saved_cs_client */;

--
-- Dumping data for table `pmw_goodsflag`
--

LOCK TABLES `pmw_goodsflag` WRITE;
/*!40000 ALTER TABLE `pmw_goodsflag` DISABLE KEYS */;
INSERT INTO `pmw_goodsflag` VALUES (1,'c','推荐',1),(2,'f','幻灯',2),(3,'a','特推',3),(4,'t','特价',4),(5,'h','热卖',5);
/*!40000 ALTER TABLE `pmw_goodsflag` ENABLE KEYS */;
UNLOCK TABLES;

--
-- Table structure for table `pmw_goodsorder`
--

DROP TABLE IF EXISTS `pmw_goodsorder`;
/*!40101 SET @saved_cs_client     = @@character_set_client */;
/*!40101 SET character_set_client = utf8 */;
CREATE TABLE `pmw_goodsorder` (
  `id` mediumint(8) unsigned NOT NULL AUTO_INCREMENT COMMENT '商品订单id',
  `username` varchar(30) NOT NULL COMMENT '会员用户名',
  `attrstr` text NOT NULL COMMENT '商品列表',
  `truename` varchar(30) NOT NULL COMMENT '收货人姓名',
  `telephone` varchar(30) NOT NULL COMMENT '电话',
  `idcard` varchar(30) NOT NULL COMMENT '证件号码',
  `zipcode` varchar(30) NOT NULL COMMENT '邮编',
  `postarea_prov` varchar(10) NOT NULL COMMENT '配送地区_省',
  `postarea_city` varchar(10) NOT NULL COMMENT '配送地区_市',
  `postarea_country` varchar(10) NOT NULL COMMENT '配送地区_县',
  `address` varchar(80) NOT NULL COMMENT '地址',
  `postmode` smallint(5) NOT NULL COMMENT '配送方式',
  `paymode` smallint(5) NOT NULL COMMENT '支付方式',
  `getmode` smallint(5) NOT NULL COMMENT '货到方式',
  `ordernum` varchar(30) NOT NULL COMMENT '订单号',
  `postid` varchar(30) NOT NULL COMMENT '运单号',
  `weight` varchar(10) NOT NULL COMMENT '物品重量',
  `cost` varchar(10) NOT NULL COMMENT '商品运费',
  `amount` varchar(10) NOT NULL COMMENT '订单金额',
  `integral` smallint(5) unsigned NOT NULL COMMENT '积分点数',
  `buyremark` text NOT NULL COMMENT '购物备注',
  `sendremark` text NOT NULL COMMENT '发货方备注',
  `posttime` int(10) unsigned NOT NULL COMMENT '订单时间',
  `orderid` mediumint(10) unsigned NOT NULL COMMENT '排列排序',
  `checkinfo` varchar(255) NOT NULL COMMENT '审核状态',
  `core` set('true') NOT NULL COMMENT '是否加星',
  `delstate` set('true') NOT NULL COMMENT '删除状态',
  `deltime` int(10) unsigned NOT NULL COMMENT '删除时间',
  PRIMARY KEY (`id`)
) ENGINE=MyISAM DEFAULT CHARSET=utf8;
/*!40101 SET character_set_client = @saved_cs_client */;

--
-- Dumping data for table `pmw_goodsorder`
--

LOCK TABLES `pmw_goodsorder` WRITE;
/*!40000 ALTER TABLE `pmw_goodsorder` DISABLE KEYS */;
/*!40000 ALTER TABLE `pmw_goodsorder` ENABLE KEYS */;
UNLOCK TABLES;

--
-- Table structure for table `pmw_goodstype`
--

DROP TABLE IF EXISTS `pmw_goodstype`;
/*!40101 SET @saved_cs_client     = @@character_set_client */;
/*!40101 SET character_set_client = utf8 */;
CREATE TABLE `pmw_goodstype` (
  `id` mediumint(8) unsigned NOT NULL AUTO_INCREMENT COMMENT '商品类型id',
  `parentid` mediumint(8) unsigned NOT NULL COMMENT '类型上级id',
  `parentstr` varchar(50) NOT NULL COMMENT '类型上级id字符串',
  `classname` varchar(30) NOT NULL COMMENT '类别名称',
  `picurl` varchar(255) DEFAULT NULL COMMENT '缩略图片',
  `linkurl` varchar(255) DEFAULT NULL COMMENT '跳转链接',
  `orderid` mediumint(8) unsigned NOT NULL COMMENT '排列顺序',
  `checkinfo` enum('true','false') NOT NULL COMMENT '隐藏类别',
  PRIMARY KEY (`id`)
) ENGINE=MyISAM DEFAULT CHARSET=utf8;
/*!40101 SET character_set_client = @saved_cs_client */;

--
-- Dumping data for table `pmw_goodstype`
--

LOCK TABLES `pmw_goodstype` WRITE;
/*!40000 ALTER TABLE `pmw_goodstype` DISABLE KEYS */;
/*!40000 ALTER TABLE `pmw_goodstype` ENABLE KEYS */;
UNLOCK TABLES;

--
-- Table structure for table `pmw_imgtext`
--

DROP TABLE IF EXISTS `pmw_imgtext`;
/*!40101 SET @saved_cs_client     = @@character_set_client */;
/*!40101 SET character_set_client = utf8 */;
CREATE TABLE `pmw_imgtext` (
  `id` int(11) NOT NULL AUTO_INCREMENT,
  `title` varchar(100) CHARACTER SET ucs2 NOT NULL,
  `title1` varchar(100) CHARACTER SET utf8 NOT NULL,
  `title2` varchar(100) CHARACTER SET utf8 NOT NULL,
  `title3` varchar(100) CHARACTER SET utf8 NOT NULL,
  `picurl` varchar(100) CHARACTER SET utf8 NOT NULL,
  `linkurl` varchar(255) CHARACTER SET utf8 NOT NULL,
  `content` text CHARACTER SET ucs2 NOT NULL,
  `bz` varchar(100) CHARACTER SET utf8 NOT NULL,
  PRIMARY KEY (`id`)
) ENGINE=InnoDB AUTO_INCREMENT=22 DEFAULT CHARSET=latin1;
/*!40101 SET character_set_client = @saved_cs_client */;

--
-- Dumping data for table `pmw_imgtext`
--

LOCK TABLES `pmw_imgtext` WRITE;
/*!40000 ALTER TABLE `pmw_imgtext` DISABLE KEYS */;
INSERT INTO `pmw_imgtext` VALUES (1,'logo图片【尺寸大小 215*55】','','','','uploads/image/20170223/1487861477.gif','','',''),(2,'轮播1【1920*520】','','','','uploads/image/20160325/1458883992.jpg','index.php','',''),(3,'轮播2【1920*520】','','','','uploads/image/20160325/1458877364.jpg','index.php','',''),(4,'轮播3【1920*520】','','','','uploads/image/20160325/1458883648.jpg','index.php','',''),(5,'轮播4【1920*520】','','','','uploads/image/20160325/1458874744.jpg','index.php','',''),(6,'首页关于我们介绍','关于于我们 About US','营造环境，创造价值','','','about.php?cid=23','<p>海装饰装修行业协会会员单位、上海市装饰装修资质单位、上海市绿色健康装潢定点检测单位，主要从事住宅、商业空间、写字楼、别墅的装饰设计与施工。 公司拥有一批资深的设计人员和经验丰富的施工队。</p>\r\n<p></p>',''),(7,'底部二维码图片【120*120】','','','','','','',''),(8,'我们的服务 Our Services 介绍','我们的服务 Our Services','','','','fw.php','我们可以为您提供的服务及我们对服务的态度，服务流程、服务优势、我们眼中的办公环境是怎样的。How are the services that we could provide to you, our attitude toward service, our service process, service advantages and the office environment in our eyes',''),(9,'我们的成功案例 Our Successful Cases 介绍','我们的成功案例 Our Successful Cases','','','','case.php','我们为您精心挑选的经典案例，去感受不一样的办公环境体验，服务于世界500强的企业为您服务。You can go to review our classic cases that we have picked for you so as to experience different office environments. The enterprise that has serviced world Top 500 enterprises will serve you as well.',''),(10,'首页办公环境介绍【1140*456】','我们眼中的办公环境 Our Eyes Office Environment','十年风雨，十年耕耘，14年的坚持，用心为一流的企业提供一流的办公环境','一个有文化体现的办公环境','uploads/image/20160326/1458966977.jpg','index.php','植入企业文化理念，与企业MI（理念识别）系统结合\r\n不仅仅停留在思想层面，让文化落实，让战略落地，有思想，有灵魂，深入企业成员内心',''),(11,'关于我们栏 广告图片【1920*300】','','','','uploads/image/20160326/1458964960.jpg','','',''),(12,'服务项目栏 广告图片【1920*300】','','','','uploads/image/20160326/1458967681.jpg','','',''),(13,'成功案例栏 广告图片【1920*300】','','','','uploads/image/20160326/1458968993.jpg','','',''),(14,'新闻资讯栏 广告图片【1920*300】','','','','uploads/image/20160326/1458971798.jpg','','',''),(15,'联系我们栏 广告图片【1920*300】','','','','uploads/image/20160326/1458973894.jpg','','',''),(16,'案例新闻详情页 广告图片【1920*300】','','','','uploads/image/20160326/1458970913.jpg','','',''),(17,'logo图下面介绍','营造环境，创造价值','Building Enuironment Creation Value','建筑工程及装饰工程领航者','','','',''),(18,'首页 我们的服务主副标题【1700*600】','我们的服务 Our Services','始终以建设温馨、和谐的家园，提升您的居家生活品味为己任。','','uploads/image/20160326/1458972783.jpg','','',''),(19,'首页知名客户 主副标题','知名客户 Known Customers','世界500强的选择，让优秀的企业更加优秀','','','','',''),(20,'首页精选案例 主副标题','精选案例 Case','企业形象展示的窗口，团队能量聚积、展示才华的舞台，伙伴携手共赢、价值创造的发源地','','','','',''),(21,'首页企业优势 主副标题','企业优势 Advantage','高端办公环境策划领航者，致力于办公环境整体策划及管理','','','','','');
/*!40000 ALTER TABLE `pmw_imgtext` ENABLE KEYS */;
UNLOCK TABLES;

--
-- Table structure for table `pmw_info`
--

DROP TABLE IF EXISTS `pmw_info`;
/*!40101 SET @saved_cs_client     = @@character_set_client */;
/*!40101 SET character_set_client = utf8 */;
CREATE TABLE `pmw_info` (
  `id` smallint(5) unsigned NOT NULL AUTO_INCREMENT COMMENT '单页id',
  `classid` smallint(5) unsigned NOT NULL COMMENT '所属栏目id',
  `mainid` smallint(5) NOT NULL COMMENT '二级类别id',
  `picurl` varchar(100) NOT NULL COMMENT '缩略图片',
  `content` mediumtext NOT NULL COMMENT '内容',
  `posttime` int(10) unsigned NOT NULL COMMENT '更新时间',
  PRIMARY KEY (`id`)
) ENGINE=MyISAM AUTO_INCREMENT=13 DEFAULT CHARSET=utf8;
/*!40101 SET character_set_client = @saved_cs_client */;

--
-- Dumping data for table `pmw_info`
--

LOCK TABLES `pmw_info` WRITE;
/*!40000 ALTER TABLE `pmw_info` DISABLE KEYS */;
INSERT INTO `pmw_info` VALUES (10,23,-1,'','<p style=\"box-sizing:border-box;margin-bottom:10px;font-size:14px;font-family:Arial, \'microsoft yahei\', Helvetica, sans-serif;white-space:normal;color:#656464;margin-top:0px;line-height:28px;background-color:#ffffff;\">\r\n	采用PHP+MYSQL技术和MVC模式进行开发的，架构清晰，代码易于维护。支持伪静态功能，可生成google和百度地图，支持自定义url、关键字和描述，符合SEO标准。拥有企业网站常用的模块功能(企业简介模块、新闻模块、产品模块、下载模块、图片模块、在线留言、友情链接、网站地图等)，强大灵活的后台管理功能，可为企业打造出专业且具有营销力的标准网站。\r\n</p>\r\n<span style=\"font-size:14px;font-family:Arial, \'microsoft yahei\', Helvetica, sans-serif;white-space:normal;color:#656464;line-height:28px;background-color:#ffffff;\">网站系统功能介绍：</span><br style=\"box-sizing:border-box;font-size:14px;font-family:Arial, \'microsoft yahei\', Helvetica, sans-serif;white-space:normal;color:#656464;line-height:28px;background-color:#ffffff;\" />\r\n<span style=\"font-size:14px;font-family:Arial, \'microsoft yahei\', Helvetica, sans-serif;white-space:normal;color:#656464;line-height:28px;background-color:#ffffff;\">1. 单页模块：可发布企业的各类信息，如企业简介、组织机构、企业荣誉、联系方式等，并可随意增删。&nbsp;</span><br style=\"box-sizing:border-box;font-size:14px;font-family:Arial, \'microsoft yahei\', Helvetica, sans-serif;white-space:normal;color:#656464;line-height:28px;background-color:#ffffff;\" />\r\n<span style=\"font-size:14px;font-family:Arial, \'microsoft yahei\', Helvetica, sans-serif;white-space:normal;color:#656464;line-height:28px;background-color:#ffffff;\">2. 新闻模块：可发布企业新闻和行业新闻等，支持二级栏目，栏目个数无限制。</span><br style=\"box-sizing:border-box;font-size:14px;font-family:Arial, \'microsoft yahei\', Helvetica, sans-serif;white-space:normal;color:#656464;line-height:28px;background-color:#ffffff;\" />\r\n<span style=\"font-size:14px;font-family:Arial, \'microsoft yahei\', Helvetica, sans-serif;white-space:normal;color:#656464;line-height:28px;background-color:#ffffff;\">3. 产品模块：产品支持二级分类，并可对产品直接下订单询价，且支持邮件通知，更符合企业营销。&nbsp;</span><br style=\"box-sizing:border-box;font-size:14px;font-family:Arial, \'microsoft yahei\', Helvetica, sans-serif;white-space:normal;color:#656464;line-height:28px;background-color:#ffffff;\" />\r\n<span style=\"font-size:14px;font-family:Arial, \'microsoft yahei\', Helvetica, sans-serif;white-space:normal;color:#656464;line-height:28px;background-color:#ffffff;\">4. 图片模块：以图片相册的方式，可发布成功案例或公司相册等栏目，更直观的展示企业的优越性。</span><br style=\"box-sizing:border-box;font-size:14px;font-family:Arial, \'microsoft yahei\', Helvetica, sans-serif;white-space:normal;color:#656464;line-height:28px;background-color:#ffffff;\" />\r\n<span style=\"font-size:14px;font-family:Arial, \'microsoft yahei\', Helvetica, sans-serif;white-space:normal;color:#656464;line-height:28px;background-color:#ffffff;\">5. 下载模块：用户可在后台上传文档资料，方便网站客户下载使用。</span><br style=\"box-sizing:border-box;font-size:14px;font-family:Arial, \'microsoft yahei\', Helvetica, sans-serif;white-space:normal;color:#656464;line-height:28px;background-color:#ffffff;\" />\r\n<span style=\"font-size:14px;font-family:Arial, \'microsoft yahei\', Helvetica, sans-serif;white-space:normal;color:#656464;line-height:28px;background-color:#ffffff;\">6. 在线留言：让客户的建议留言能及时反馈给企业，且支持邮件通知，让沟通变得更加方便。</span><br style=\"box-sizing:border-box;font-size:14px;font-family:Arial, \'microsoft yahei\', Helvetica, sans-serif;white-space:normal;color:#656464;line-height:28px;background-color:#ffffff;\" />\r\n<span style=\"font-size:14px;font-family:Arial, \'microsoft yahei\', Helvetica, sans-serif;white-space:normal;color:#656464;line-height:28px;background-color:#ffffff;\">7. 产品搜索：可对客户输入的关键字进行产品搜索，增加了网站的灵活性。</span><br style=\"box-sizing:border-box;font-size:14px;font-family:Arial, \'microsoft yahei\', Helvetica, sans-serif;white-space:normal;color:#656464;line-height:28px;background-color:#ffffff;\" />\r\n<span style=\"font-size:14px;font-family:Arial, \'microsoft yahei\', Helvetica, sans-serif;white-space:normal;color:#656464;line-height:28px;background-color:#ffffff;\">8. 产品复制：可对已添加的产品进行复制，从而提高了添加产品的效率。</span><br style=\"box-sizing:border-box;font-size:14px;font-family:Arial, \'microsoft yahei\', Helvetica, sans-serif;white-space:normal;color:#656464;line-height:28px;background-color:#ffffff;\" />\r\n<span style=\"font-size:14px;font-family:Arial, \'microsoft yahei\', Helvetica, sans-serif;white-space:normal;color:#656464;line-height:28px;background-color:#ffffff;\">9. 图片水印：可在后台设置公司的水印图片，以防止企业产品图片被盗用。</span><br style=\"box-sizing:border-box;font-size:14px;font-family:Arial, \'microsoft yahei\', Helvetica, sans-serif;white-space:normal;color:#656464;line-height:28px;background-color:#ffffff;\" />\r\n<span style=\"font-size:14px;font-family:Arial, \'microsoft yahei\', Helvetica, sans-serif;white-space:normal;color:#656464;line-height:28px;background-color:#ffffff;\">10. 邮件通知：在客户下订单或留言的同时，会发邮件到您指定的邮箱，让工作更有效率的。</span><br style=\"box-sizing:border-box;font-size:14px;font-family:Arial, \'microsoft yahei\', Helvetica, sans-serif;white-space:normal;color:#656464;line-height:28px;background-color:#ffffff;\" />\r\n<span style=\"font-size:14px;font-family:Arial, \'microsoft yahei\', Helvetica, sans-serif;white-space:normal;color:#656464;line-height:28px;background-color:#ffffff;\">11.搜索优化：全站支持伪静态，可自定义keywords、description、url，生成sitemap功能，添加内链和标签等功能。</span>',1457585420),(11,24,-1,'','合作发展图文介绍',1457585453),(12,40,-1,'','<p style=\"box-sizing:border-box;margin-bottom:10px;font-size:14px;font-family:Arial, \'microsoft yahei\', Helvetica, sans-serif;white-space:normal;color:#656464;padding-top:20px;clear:both;margin-top:0px;line-height:20px;background-color:#ffffff;\">\r\n	联系人：\r\n</p>\r\n<p style=\"box-sizing:border-box;margin-bottom:10px;font-size:14px;font-family:Arial, \'microsoft yahei\', Helvetica, sans-serif;white-space:normal;color:#656464;padding-top:20px;clear:both;margin-top:0px;line-height:20px;background-color:#ffffff;\">\r\n	手机：\r\n</p>\r\n<p style=\"box-sizing:border-box;margin-bottom:10px;font-size:14px;font-family:Arial, \'microsoft yahei\', Helvetica, sans-serif;white-space:normal;color:#656464;padding-top:20px;clear:both;margin-top:0px;line-height:20px;background-color:#ffffff;\">\r\n	电话：\r\n</p>\r\n<p style=\"box-sizing:border-box;margin-bottom:10px;font-size:14px;font-family:Arial, \'microsoft yahei\', Helvetica, sans-serif;white-space:normal;color:#656464;clear:both;margin-top:0px;line-height:20px;background-color:#ffffff;\">\r\n	邮箱：\r\n</p>\r\n<p style=\"box-sizing:border-box;margin-bottom:10px;font-size:14px;font-family:Arial, \'microsoft yahei\', Helvetica, sans-serif;white-space:normal;color:#656464;clear:both;margin-top:0px;line-height:20px;background-color:#ffffff;\">\r\n	地址：\r\n</p>',1458958203);
/*!40000 ALTER TABLE `pmw_info` ENABLE KEYS */;
UNLOCK TABLES;

--
-- Table structure for table `pmw_infoclass`
--

DROP TABLE IF EXISTS `pmw_infoclass`;
/*!40101 SET @saved_cs_client     = @@character_set_client */;
/*!40101 SET character_set_client = utf8 */;
CREATE TABLE `pmw_infoclass` (
  `id` smallint(5) unsigned NOT NULL AUTO_INCREMENT COMMENT '栏目id',
  `siteid` smallint(5) unsigned NOT NULL DEFAULT '1' COMMENT '站点id',
  `parentid` smallint(5) unsigned NOT NULL COMMENT '栏目上级id',
  `parentstr` varchar(50) NOT NULL COMMENT '栏目上级id字符串',
  `infotype` tinyint(1) unsigned NOT NULL COMMENT '栏目类型',
  `classname` varchar(30) NOT NULL COMMENT '栏目名称',
  `linkurl` varchar(255) NOT NULL COMMENT '跳转链接',
  `picurl` varchar(100) NOT NULL COMMENT '缩略图片',
  `picwidth` varchar(5) NOT NULL COMMENT '缩略图宽度',
  `picheight` varchar(5) NOT NULL COMMENT '缩略图高度',
  `seotitle` varchar(80) NOT NULL COMMENT 'SEO标题',
  `keywords` varchar(50) NOT NULL COMMENT '关键词',
  `description` varchar(255) NOT NULL COMMENT '描述',
  `orderid` smallint(5) unsigned NOT NULL COMMENT '排列排序',
  `checkinfo` enum('true','false') NOT NULL COMMENT '审核状态',
  PRIMARY KEY (`id`)
) ENGINE=MyISAM AUTO_INCREMENT=43 DEFAULT CHARSET=utf8;
/*!40101 SET character_set_client = @saved_cs_client */;

--
-- Dumping data for table `pmw_infoclass`
--

LOCK TABLES `pmw_infoclass` WRITE;
/*!40000 ALTER TABLE `pmw_infoclass` DISABLE KEYS */;
INSERT INTO `pmw_infoclass` VALUES (1,1,0,'0,',2,'成功案例','','','','','','','',1,'true'),(2,1,0,'0,',1,'新闻资讯','','','','','','','',2,'true'),(15,1,1,'0,1,',2,'服务行业','','','','','','','',14,'true'),(16,1,1,'0,1,',2,'教育行业','','','','','','','',15,'true'),(17,1,0,'0,',2,'关于我们','','','','','','','',16,'true'),(20,1,2,'0,2,',1,'公司新闻','','','','','','','',19,'true'),(21,1,2,'0,2,',1,'行业新闻','','','','','','','',20,'true'),(22,1,0,'0,',1,'服务项目','','','','','','','',21,'true'),(23,1,17,'0,17,',0,'公司介绍','','','','','','','',22,'true'),(24,1,17,'0,17,',0,'文化理念','','','','','','','',23,'true'),(25,1,22,'0,22,',2,'服务项目','','','','','','','',24,'true'),(26,1,22,'0,22,',0,'服务优势','','','','','','','',25,'true'),(27,1,1,'0,1,',2,'房产行业','','','','','','','',26,'true'),(28,1,1,'0,1,',2,'能源行业','','','','','','','',27,'true'),(29,1,2,'0,2,',1,'媒体报道','','','','','','','',28,'true'),(30,1,2,'0,2,',1,'专业知识','','','','','','','',29,'true'),(31,1,17,'0,17,',0,'组织架构','','','','','','','',30,'true'),(32,1,17,'0,17,',0,'企业优势','','','','','','','',31,'true'),(33,1,22,'0,22,',0,'服务范畴','','','','','','','',32,'true'),(39,1,0,'0,',2,'联系我们','','','','','','','',38,'true'),(40,1,39,'0,39,',0,'联系我们','','','','','','','',39,'true'),(41,1,0,'0,',2,'首页知名客户展示','','','','','','','',40,'true'),(42,1,0,'0,',2,'首页企业优势展示','','','','','','','',41,'true');
/*!40000 ALTER TABLE `pmw_infoclass` ENABLE KEYS */;
UNLOCK TABLES;

--
-- Table structure for table `pmw_infoflag`
--

DROP TABLE IF EXISTS `pmw_infoflag`;
/*!40101 SET @saved_cs_client     = @@character_set_client */;
/*!40101 SET character_set_client = utf8 */;
CREATE TABLE `pmw_infoflag` (
  `id` smallint(5) unsigned NOT NULL AUTO_INCREMENT COMMENT '信息标记id',
  `flag` varchar(30) NOT NULL COMMENT '标记名称',
  `flagname` varchar(30) NOT NULL COMMENT '标记标识',
  `orderid` smallint(5) unsigned NOT NULL COMMENT '排列排序',
  PRIMARY KEY (`id`)
) ENGINE=MyISAM AUTO_INCREMENT=7 DEFAULT CHARSET=utf8;
/*!40101 SET character_set_client = @saved_cs_client */;

--
-- Dumping data for table `pmw_infoflag`
--

LOCK TABLES `pmw_infoflag` WRITE;
/*!40000 ALTER TABLE `pmw_infoflag` DISABLE KEYS */;
INSERT INTO `pmw_infoflag` VALUES (1,'h','头条',1),(2,'c','推荐',2),(3,'f','幻灯',3),(4,'a','特荐',4),(5,'s','滚动',5),(6,'j','跳转',6);
/*!40000 ALTER TABLE `pmw_infoflag` ENABLE KEYS */;
UNLOCK TABLES;

--
-- Table structure for table `pmw_infoimg`
--

DROP TABLE IF EXISTS `pmw_infoimg`;
/*!40101 SET @saved_cs_client     = @@character_set_client */;
/*!40101 SET character_set_client = utf8 */;
CREATE TABLE `pmw_infoimg` (
  `id` int(10) unsigned NOT NULL AUTO_INCREMENT COMMENT '图片信息id',
  `siteid` smallint(5) unsigned NOT NULL DEFAULT '1' COMMENT '站点id',
  `classid` smallint(5) unsigned NOT NULL COMMENT '所属栏目id',
  `parentid` smallint(5) unsigned NOT NULL COMMENT '所属栏目上级id',
  `parentstr` varchar(80) NOT NULL COMMENT '所属栏目上级id字符串',
  `mainid` smallint(5) NOT NULL COMMENT '二级类别id',
  `mainpid` smallint(5) NOT NULL COMMENT '二级类别父id',
  `mainpstr` varchar(80) NOT NULL COMMENT '二级累呗父id字符串',
  `title` varchar(80) NOT NULL COMMENT '标题',
  `colorval` char(10) NOT NULL COMMENT '字体颜色',
  `boldval` char(10) NOT NULL COMMENT '字体加粗',
  `flag` varchar(30) NOT NULL COMMENT '属性',
  `source` varchar(50) NOT NULL COMMENT '文章来源',
  `author` varchar(50) NOT NULL COMMENT '作者编辑',
  `linkurl` varchar(255) NOT NULL COMMENT '跳转链接',
  `keywords` varchar(50) NOT NULL COMMENT '关键词',
  `description` varchar(255) NOT NULL COMMENT '摘要',
  `content` mediumtext NOT NULL COMMENT '详细内容',
  `picurl` varchar(100) NOT NULL COMMENT '缩略图片',
  `picarr` text NOT NULL COMMENT '组图',
  `hits` mediumint(8) unsigned NOT NULL COMMENT '点击次数',
  `orderid` int(10) unsigned NOT NULL COMMENT '排列排序',
  `posttime` int(10) NOT NULL COMMENT '更新时间',
  `checkinfo` enum('true','false') NOT NULL COMMENT '审核状态',
  `delstate` set('true') NOT NULL COMMENT '删除状态',
  `deltime` int(10) unsigned NOT NULL COMMENT '删除时间',
  PRIMARY KEY (`id`)
) ENGINE=MyISAM AUTO_INCREMENT=95 DEFAULT CHARSET=utf8;
/*!40101 SET character_set_client = @saved_cs_client */;

--
-- Dumping data for table `pmw_infoimg`
--

LOCK TABLES `pmw_infoimg` WRITE;
/*!40000 ALTER TABLE `pmw_infoimg` DISABLE KEYS */;
INSERT INTO `pmw_infoimg` VALUES (1,1,0,0,'0,',-1,-1,'','111','','','','','admin','index.php','','11','','uploads/image/20150903/1441270323.png','',0,1,1441264285,'true','true',1441267186),(2,1,1,0,'0,',-1,-1,'',' 新农道品牌全案','','','','','admin','','',' 日月耕新，大农有道。回归本真，品味幸福。 ','新农道品牌全案<br />\r\n<br />\r\n客户名称:河南新农道实业发展有限公司<br />\r\n行业属性:酒店、餐饮、旅游、娱乐<br />\r\n服务项目:LOGO设计、包装设计、文案策划<br />\r\n<br />\r\n项目背景：<br />\r\n新农道是一家致力于从田间到餐桌，形成覆盖生产基地、农产加工、物流销售的大农业生态体系的企业。在新品上市之际，委托米莱为其提供了品牌全案的策划和设计方案，包括品牌核心理念和故事、品牌LOGO设计、产品卖点提炼与策划、包装策划与设计、网店场景策划与设计、网站设计等。<br />\r\n米莱团队对市面上同类产品进行了充分的实地考察，洞察消费者需求，深入挖掘品牌内涵，以【日月耕新，大农有道】作为品牌理念的立足点，以【把自然带回家】作为产品核心传播价值，在凸显品牌和产品辨识度的基础上传递出朴素真挚的自然气息，唤起消费者的共鸣，促使消费者对新农道产品从客观上的需要上升为主观上的信赖和喜爱。<br />\r\n以下为米莱为新农道提供的品牌及产品策略整体方案：<br />\r\n<br />\r\n品牌广告语：<br />\r\n日月耕新，大农有道。<br />\r\n农作的生长，离不开日月更新、四季变迁。新农道的务农耕作之道，也正是顺应天时地利人和的自然和谐之道。<br />','uploads/image/20150903/1441297145.jpg','',0,2,1441290490,'true','true',1441452283),(3,1,1,0,'0,',-1,-1,'','众鸣酒业品牌全案','','','','','admin','','','胜利(Victory)的V、激情(Vibrant)的V、广大(vast)的V。','众鸣酒业品牌全案\r\n\r\n客户名称:河南众鸣酒业有限公司\r\n行业属性:贸易、批发、零售\r\n服务项目:LOGO+VI设计\r\n\r\n设计方案:\r\n        胜利(Victory)的V、激情(Vibrant)的V、广大(vast)的V，三个层次分明的“V”交错重叠，向消费者展现着品牌的生命力和包容性。\r\n        米莱的创意来源于“众鸣”之“众”，标志是胜利的手势，更是张开双臂拥抱明天的姿态，寓意着人们欢聚的激情；标志亦是三人成众的团结，寓意着企业发展路上，如雄鹰般团结向上，展翅飞翔......简洁现代的线条，却可以延伸出无限多的内涵，正如众鸣酒业本身，作为年轻的白酒品牌，有着无限的发展可能。','uploads/image/20150903/1441293202.jpg','',0,3,1441290630,'true','true',1441452283),(4,1,1,0,'0,',-1,-1,'','金庄集团Logo设计','','','','','admin','','',' 用专业聚集财富，用心守护信任。 ','金庄集团Logo设计<br />\r\n<br />\r\n客户名称:河南金庄投资担保有限公司<br />\r\n行业属性:金融、银行、投资、保险<br />\r\n服务项目:LOGO设计<br />\r\n<br />\r\n设计方案：<br />\r\n&nbsp; &nbsp; &nbsp; &nbsp; 金庄集团是河南省的大型资产运营管理公司，注重价值投资和财富保障。米莱设计的品牌LOGO，从财富之“聚集”，双手之“守护”出发，传达出金庄金融服务的专业和稳健。<br />\r\n&nbsp; &nbsp; &nbsp; &nbsp;<br />','uploads/image/20150903/1441292983.jpg','',0,4,1441290727,'true','true',1441452283),(5,1,1,0,'0,',-1,-1,'','瑞生科技品牌全案','','','','','admin','','',' 机械的动力，是能量的不断传递；企业的动力，则是持续的发展与进步。\r\n ','瑞生科技品牌全案<br />\r\n<br />\r\n客户名称:河南瑞生磁动力科技有限公司<br />\r\n行业属性:工业、制造、能源、交通<br />\r\n服务项目:LOGO设计、VI设计<br />\r\n<br />\r\n设计方案：<br />\r\n&nbsp; &nbsp; &nbsp; &nbsp; 机械的动力，是能量的不断传递；企业的动力，则是持续的发展与进步。<br />\r\n&nbsp; &nbsp; &nbsp; &nbsp; 米莱在设计时考虑到瑞生行业的特殊性，标志取意于太极形象，以两股动力相辅相成，汇聚融合，表现瑞生科技可持续发展的科技理念。<br />\r\n&nbsp; &nbsp; &nbsp; &nbsp; 品牌整体采用具有现代感的蓝绿色系，寓意环保，希望，发展。清爽的视觉感受让每一个人感受到的不再是冷冰冰的机械，而是瑞生科技具有人文关怀的企业气息。<br />','uploads/image/20150903/1441296575.jpg','',0,5,1441290819,'true','true',1441452283),(6,1,1,0,'0,',-1,-1,'','沃有食品品牌全案','','','','','admin','','','沃有食品，我有我爱！','沃有食品品牌全案<br />\r\n<br />\r\n客户名称:郑州沃有食品有限公司<br />\r\n行业属性:食品、医疗、教育、文化<br />\r\n服务项目:LOGO+VI设计、包装策划与设计<br />\r\n<br />\r\n项目背景：<br />\r\n&nbsp; &nbsp; &nbsp; &nbsp; 沃有食品主要为消费者提供取材于大自然的健康食品，而食品的安全问题也是消费者关心的重要问题。作为大众消费品牌，米莱认为一方面要让消费者感受到生活的轻松惬意，另一方面，则要让消费者对沃有的品质感到放心。<br />\r\n<br />\r\n品牌形象策划及设计方案：<br />\r\n&nbsp; &nbsp; &nbsp; &nbsp; &nbsp;在美丽的大自然中，一只可爱的沃有小熊快乐地生活着，它亲切、淳朴、忠厚......<br />\r\n&nbsp; &nbsp; &nbsp; &nbsp; &nbsp;米莱设计的沃有小熊是沃有精神的化身，明亮活泼的品牌色调，忠诚的沃有小熊，从内而外流露出积极向上的生活态度，传达着沃有食品的健康品质和对消费者的承诺。<br />','uploads/image/20150903/1441295194.png','',1,6,1441290919,'true','true',1441452283),(7,1,1,0,'0,',-1,-1,'','哪吒山猕猴桃酒产品包装','','','','','admin','','','奇异果酒，弥足珍贵！','哪吒山猕猴桃酒产品包装<br />\r\n<br />\r\n客户名称:河南哪吒农业科技有限公司<br />\r\n行业属性:酒店、餐饮、旅游、娱乐<br />\r\n服务项目:包装设计<br />\r\n<br />\r\n项目背景：<br />\r\n&nbsp; &nbsp; &nbsp; &nbsp; 猕猴桃酒是国内新兴的果酒种类，因为猕猴桃的珍贵营养，使其在中高档果酒市场占有一席之地。当米莱为哪吒山提供包装策划设计服务时，首先考虑的就是如何向消费者传达猕猴桃酒的珍贵价值，并促使其认同。<br />\r\n<br />\r\n产品包装策划与设计方案：<br />\r\n&nbsp; &nbsp; &nbsp; &nbsp; 在对项目进行调研时，米莱发现奇异果的横剖面线条精细且呈放射状分布，如同钻石般光芒闪耀。而钻石价值之珍贵与奇异果营养之珍贵也不谋而合。<br />\r\n&nbsp; &nbsp; &nbsp; &nbsp; 经过策划分析，米莱团队最终确定以“弥珍”、“弥贵”作为产品名称，采用特点突出的奇异果剖面图作为视觉图形，为产品建立具有识别度的记忆点，全面表现“奇异果酒，弥足珍贵”的产品价值。<br />\r\n&nbsp; &nbsp; &nbsp; &nbsp; 同时根据两款酒的不同定位加以区分：<br />\r\n&nbsp; &nbsp; &nbsp; &nbsp; 中档款“弥珍”，柔和的白和金玉色的磨砂瓶身相映成彰，简洁的奇异果形象周围，闪耀着钻石般纯净的光芒。清甜的果酒，为您带来梦幻的享受。<br />\r\n&nbsp; &nbsp; &nbsp; &nbsp; 高档款“弥贵”，采用具有现代感的奇异果形象，精巧细腻，散发出优雅的贵族气质。甘醇的果酒，带给您贵而有礼的生活感受。<br />','uploads/image/20150903/1441292386.jpg','',0,7,1441290986,'true','true',1441452283),(8,1,1,0,'0,',-1,-1,'','古黄国有机大米品牌形象','','','','','admin','','','礼到，福到，运气到。好稻，好米，好味道！','古黄国有机大米品牌形象<br />\r\n<br />\r\n客户名称:潢川豫川粮业<br />\r\n行业属性:酒店、餐饮、旅游、娱乐<br />\r\n服务项目:LOGO设计、包装策划与设计<br />\r\n<br />\r\n项目背景：<br />\r\n&nbsp; &nbsp; &nbsp; &nbsp; 黄国古城位于而今的河南潢川县，地处河南、湖北、安徽三省边界，沃野千里，山清水秀，当地农田盛产水稻等作物，是长江以北，黄河以南的鱼米之乡。豫川粮业位于黄国腹地，集天时地利人和于一体，推出醇正香浓的“古黄国”大米，并委托米莱为其提供整体的包装策划服务。<br />\r\n<div style=\"white-space:nowrap;\">\r\n	<br />\r\n</div>','uploads/image/20150903/1441299275.jpg','',0,8,1441291061,'true','true',1441452283),(9,1,1,0,'0,',-1,-1,'','万岁果园红枣包装（线上版）','','','','','admin','','','打破常规的红枣包装，给你耳目一新的感受。','万岁果园红枣包装（线上版）<br />\r\n<br />\r\n客户名称:新郑市正好枣业有限公司<br />\r\n行业属性:酒店、餐饮、旅游、娱乐<br />\r\n服务项目:生态红枣包装设计、一日三枣包装设计<br />\r\n<br />\r\n项目背景:<br />\r\n&nbsp; &nbsp; &nbsp; &nbsp; 打破常规，突破传统，万岁果园生态红枣包装与一日三枣包装设计。<br />','uploads/image/20150903/1441300997.jpg','',3,9,1441291134,'true','true',1441452283),(10,1,1,0,'0,',-1,-1,'','尚茂装饰品牌全案','','','','','admin','','','高端品质生活缔造者。','尚茂装饰品牌全案<br />\r\n<br />\r\n客户名称:河南尚茂装饰工程有限公司<br />\r\n行业属性:房地产、建筑<br />\r\n服务项目:LOGO+VI设计<br />\r\n<br />\r\n项目背景：<br />\r\n&nbsp; &nbsp; &nbsp; &nbsp; 河南尚茂装饰，是一家专业从事室内外设计的装潢公司，具备国家施工二级资质。公司自成立以来，一贯秉承“质量优先，信誉为本，客户至上，追求卓越”的服务宗旨，为广大消费者提供从设计、施工到材料配送，后期配饰的一条龙服务。<br />\r\n&nbsp; &nbsp; &nbsp; &nbsp;米莱为尚茂装饰提供了从品牌标志到品牌VI的部分设计。<br />\r\n<div style=\"white-space:nowrap;\">\r\n	<br />\r\n</div>','uploads/image/20150903/1441292635.jpg','',2,10,1441291194,'true','true',1441452283),(11,1,1,0,'0,',-1,-1,'','世佳典当品牌形象设计','','','','','admin','','','从无到有的品牌建设。','世佳典当品牌形象设计<br />\r\n<br />\r\n客户名称:河南世佳典当有限责任公司<br />\r\n行业属性:金融、银行、投资、保险<br />\r\n服务项目:LOGO设计及部分应用设计<br />\r\n<br />\r\n项目背景:<br />\r\n&nbsp; &nbsp; &nbsp; &nbsp; 世佳典当是河南金庄集团旗下的全资子公司，是经中国人民银行批准成立非银行金融机构，注册资金2000多万元，现归国家商务部管理的大型综合性典当融资公司。 公司成立之初急需一套特点鲜明、易于识别的品牌形象。米莱为世佳典当提供了从品牌标志到宣传应用等一系列设计服务。<br />','uploads/image/20150903/1441299761.jpg','',6,11,1441291905,'true','true',1441452283),(12,1,3,2,'0,2,',-1,-1,'','向着更好的未来——米莱官网全新蜕变','','','','','admin','','','','015年7月15日，米莱官网全新改版升级。<br />\r\n如果你曾经关注我们，感谢你，希望此次改变不会让你失望；<br />\r\n如果你初次认识我们，很高兴，能以更好的面貌遇见你。<br />\r\n&nbsp;<br />\r\n我们身处的世界，无时无刻不在变化。改变，让它始终保持新鲜，有趣和活力。<br />\r\n一路向前的米莱，不愿以旁观者的姿态，驻足原地；而是重新审视自身，决定和这个变化的世界一起奔跑。<br />\r\n所以，此次你可以看到米莱：<br />\r\n更清晰的自我认知——品牌整合设计革新力量<br />\r\n更完善的服务体系——为不同阶段的品牌提供系统化整体服务<br />\r\n更真诚的合作理念——关注每一位合作伙伴的需要，和合作伙伴共同发展<br />\r\n&nbsp;<br />\r\n这不是米莱的第一次改变，也不会是最后一次。每一次改变，都是在变得更成熟，更强大。<br />\r\n未来还有很长的路要走，愿你和时光共同见证米莱的成长。<br />\r\n&nbsp;<br />','uploads/image/20150903/1441300782.jpg','',1,12,1441292280,'true','true',1441520086),(13,1,3,2,'0,2,',-1,-1,'','来微信，和米莱“面对面”','','','','','admin','','','','搜索微信号“melinechina”，或者直接扫描二维码，关注米莱官方微信，查看米莱最新案例，和米莱在线互动！','uploads/image/20150903/1441295900.jpg','',3,13,1441292340,'true','true',1441520086),(14,1,3,2,'0,2,',-1,-1,'','世界这么大，卖萌给你看—大河网吉祥物旅行记','','','','','admin','','','','记得某年某月的某一天，米莱的小伙伴们为大河网提供了吉祥物设计服务：河宝娃和河宝妞。<br />\r\n近日，据可靠线报，当别人还在感慨“世界这么大，啥时候能看看”的时候，这俩货早就手拉手一起出发了，到处走走停停，卖得一手好萌，还深得广大群众的喜爱。<br />\r\n&nbsp;<br />\r\n&nbsp;<br />\r\n小编在表示羡慕的同时，也给曾经付出过小伙伴们点个赞！<br />','uploads/image/20150903/1441301601.jpg','',0,14,1441292386,'true','true',1441520086),(15,1,4,2,'0,2,',-1,-1,'','Google全新Logo设计亮相','','','','','admin','','','','北京时间9月2日凌晨消息，谷歌今日宣布启用全新LOGO，新LOGO的推出是为了更好的适用不同的智能终端，包括智能手机、电视、手表、汽车等。 谷歌副总裁、产品经理塔马尔·约书亚(Tamar Yehoshua)表示，谷歌Logo和商标，它们最初的设计被用于单一台式电脑的浏览器页面，之后不断更新，以期能在无以计数的设备和不同种类的输入方式（如触屏、打字和对话）中适应无缝连接的世界。<br />\r\n<div>\r\n	<br />\r\n</div>','uploads/image/20150903/1441297237.jpg','',0,15,1441292428,'true','true',1441520086),(16,1,4,2,'0,2,',-1,-1,'','魅族新形象LOGO设计疑似曝光','','','','','admin','','','','近日，一张疑似魅族的新形象logo在网上流传，追溯源头居然在新浪微博挖出了被泄露的魅族内部文件，据闻是魅族员工的私人网络硬盘密码遭暴力破解，进而被上传到了新浪微博。文件里面除了包含魅族全新的品牌logo，甚至还包含了未发布的新高端子品牌信息，不过该PPT中出现的新logo不一定是最终方案。新logo具体是什么样子，还需要等待魅族官方正式公布。','uploads/image/20150903/1441292540.jpg','',0,16,1441292469,'true','true',1441520086),(17,1,4,2,'0,2,',-1,-1,'','美国国家档案馆基金会启用新LOGO设计','','','','','admin','','','','美国国家档案馆基金会（National Archives Foundation）成立于1992年，是一个独立的非营利性组织。该基金会主要的职责是提供公众对国家档案的认知，鼓励公众参与其中。同时也为国家档案展览、公共项目和教育宣传活动提供资金和创意支持。<br />\r\n<div>\r\n	<br />\r\n</div>','uploads/image/20150903/1441302016.jpg','',0,17,1441292520,'true','true',1441520086),(18,1,5,2,'0,2,',-1,-1,'','品牌文案的空雨伞理论','','','','','admin','','','','怎样让故事说得更精彩？有个日本大师的理论，叫做空雨伞。其实笔者忘了他是谁，但几年来，写过数百篇文章，累积出来的经验几乎都是靠它。<br />\r\n&nbsp;<br />\r\n先拆解空雨伞这三者是什么：<br />\r\n&nbsp;<br />\r\n&nbsp; &nbsp; &nbsp; 空 = 环境，就是不会改变的事实状况。<br />\r\n&nbsp;<br />\r\n&nbsp; &nbsp; &nbsp; 雨 = 我们对「空」所做出的观察，也就是环境的状况，或可能面临的变化。<br />\r\n&nbsp;<br />\r\n&nbsp; &nbsp; &nbsp; 伞 = 因「雨」而做出的决策，也就是解决「雨」的方法，事件最后的结果。<br />\r\n&nbsp;<br />\r\n这位大师提到的空雨伞，大意是说，如果有几位导演来讲这三件事，每个人的演绎方法都会不同。BBS曾有篇文章调侃李安导演的「少年PI」很有意思，他说：<br />\r\n&nbsp;<br />\r\n&nbsp; &nbsp; &nbsp; 少年PI如果让张艺谋来拍，会箭如雨下。<br />\r\n&nbsp;<br />\r\n&nbsp; &nbsp; &nbsp; 少年PI如果让麦可贝来拍，船一定会爆炸。<br />\r\n&nbsp;<br />\r\n&nbsp; &nbsp; &nbsp; 少年PI如果让王家卫来拍，会拍10年，男主角刚好一人演完老中青三个角色。<br />\r\n&nbsp;<br />\r\n&nbsp; &nbsp; &nbsp; 少年PI如果让魏德圣来拍，海面上一定会有彩虹。<br />\r\n&nbsp;<br />\r\n&nbsp; &nbsp; &nbsp; 少年PI如果让民视来拍，老虎会说：PI, I’m your father，还会拍100集<br />\r\n&nbsp;<br />\r\n扯远了～回到正题。大意是说，故事人人会说，巧妙各有不同，但空雨伞是个非常容易学，也最常被新手忽略的写作技巧。<br />\r\n&nbsp;<br />\r\n下方，是我们一般的家常对话，其实已经完成了「空雨伞」结构：<br />\r\n&nbsp;<br />\r\n1.「天空阴阴的好像要下雨了，还是带伞出门好了。」<br />\r\n&nbsp;<br />\r\n如果我们少了空雨伞的其中一项，这句话就会显得不够完整，例如有些人喜欢省话，会说：<br />\r\n&nbsp;<br />\r\n2.「好像要下雨了。」<br />\r\n&nbsp;<br />\r\n这句话虽然也听得懂，也有提醒带雨伞的意味，不过却会让人产生一丝疑问，例如「要下雨了？真的吗？为什麼？」或者是「下雨机率高嘛？要带伞？还是不要呢？」<br />\r\n&nbsp;<br />\r\n假设天空阴阴的是A点，带伞出门是B点，其实我们有各式各样的方法可以来说「从A到B」的故事。<br />\r\n&nbsp;<br />\r\n通常，我们呈现出「带伞是决策过程之后的产物」就能丰富整段句子，例如：<br />\r\n&nbsp;<br />\r\n3.—天空阴阴的好像要下雨了，我打开APP查看天气预报，却仍不确定。但我想，还是带伞出门好了。」<br />\r\n&nbsp;<br />\r\n若想要凸显「伞」是「自我思考与自我对话后」的结果，也可把句子修改成这样：<br />\r\n&nbsp;<br />\r\n4.— 天空阴阴的。不知道会不会下雨呢？我打开APP查看天气预报，却仍不确定。最近天气不太稳定，还是带把伞出门好了。<br />\r\n&nbsp;<br />\r\n或是，强调不带雨伞的可能后果。<br />\r\n&nbsp;<br />\r\n5.— 天空阴阴的，我打开APP查看天气预报，但没有把握。我想，还是带伞出门好了。最近常熬夜，我可不能冒著淋雨感冒的风险。<br />\r\n&nbsp;<br />\r\n或是，加入另一个角色，感觉就有故事即将发生：<br />\r\n&nbsp;<br />\r\n6.— 天空阴阴的好像要下雨了，到底会下雨吗？我打开APP查看天气预报，却仍不确定。但我想到昨天被雨淋湿，又被小美撞见的狼狈模样，还是带伞出门好了。<br />\r\n&nbsp;<br />\r\n这4.5.6.几段当中，我们对「伞」做一点价值描述，也就是带了伞之后会有什麼好处，或是没带伞的坏处，会用三种方式来举例，是大部份的时候，我们只会描述到「要带伞」或「忘了带伞」这样的动作本身，然而，如果稍微多花几个字，写到动作可能带来的影响，就会更有故事张力。<br />\r\n&nbsp;<br />\r\n从A点到B点之间，究竟有几种写法呢？我觉得，大概有13万7千9百21种吧。（这句话其实也是为了加强本段的戏剧性XD）伞的价值这件事，并不是一昧的加多字数，就能增添故事张力，而是要看编剧(写作者)要透过文字或画面，让观眾感受到什麼，要站在观眾的立场思考。有时候，真的很难，也很需要练习，因为，做得好，就是锦上添花，做不好，就是画蛇添足了。<br />\r\n&nbsp;<br />\r\n#<br />\r\n&nbsp;<br />\r\n笔者曾经帮站内一位编辑修改稿子，採访一家经营有机农产品的电子商务公司，他写道：<br />\r\n&nbsp;<br />\r\n「Before—因为食安问题越来越多，大眾对有机商品的关心度也愈来愈提高。」<br />\r\n&nbsp;<br />\r\n其实这一句话有把「空雨伞」三者都讲完了。不过，若描述「大眾」是透过何种方式来关心有机商品(伞的价值)，这句话会更有说服力。笔者建议他调整如下：<br />\r\n&nbsp;<br />\r\n「After—因为食安问题越来越多，大眾对有机商品的关心度也愈来愈提高。有消费能力的人，开始捨得花钱购买单价高一点，却安心、无农药有机农产品。」<br />\r\n&nbsp;<br />\r\n大眾对有机商品的关心度提高，不等同大眾全体都会购买有机商品，因此替这群人加上一个范围锁定与行为锁定，就显得格外重要。<br />\r\n&nbsp;<br />\r\n而另一段提到：<br />\r\n&nbsp;<br />\r\n「Before—这网站随时提供50样蔬菜与40种肉类，种类丰富，也会随产季变化。」<br />\r\n&nbsp;<br />\r\n也是把空雨伞都讲完了。笔者发现，虽然已经描述了这家店的特色，却好像没说到重点一样。因此建议这位编辑，再帮「种类丰富、随产季变化」加上一点价值描述，并设法跟其他卖场通路做些区隔。<br />\r\n&nbsp;<br />\r\n后来他改为：<br />\r\n&nbsp;<br />\r\n「After—这网站随时提供50样蔬菜与40种肉类，种类丰富，也会随产季变化。虽不敢媲美大型量饭店，然而，却早已胜过大多数的连锁有机商店。」<br />\r\n&nbsp;<br />\r\n这个时候因为有了「比较对象」，消费者心中就对这个网站产生了明确的价值定位。<br />\r\n&nbsp;<br />\r\n试试看，再读一下Before与After这两段文字，差异在哪里呢？<br />\r\n&nbsp;<br />\r\nBefore：<br />\r\n&nbsp;<br />\r\n因为没有人想要每天吃同样的东西，所以让商品线更加丰富齐全，是创立以来一直不变的目标。这家农产品销售公司，用下单量(契作)鼓励农友投入健康安全的种植，也让农友不用担心销售的问题。而另一方面，更多农友加入会让产品种类越来越多，消费者也有更多选择<br />\r\n&nbsp;<br />\r\nAfter：<br />\r\n&nbsp;<br />\r\n因为没有人想要每天吃同样的东西，所以让商品线更加丰富齐全，是创立以来一直不变的目标。未来，随著商品数和贩售量越来越大，他们势必要投注更多心力，才能同时确保种类丰富，又兼顾每一项产品的品质与安全。<br />\r\n&nbsp;<br />\r\n这家农产品销售公司，用下单量(契作)鼓励农友投入健康安全的种植，也让农友不用担心销售的问题。而另一方面，更多农友加入会让产品种类越来越多，消费者也有更多选择。这证明优秀的企业精神，正不断产生正向循环。<br />\r\n&nbsp;<br />\r\n#<br />\r\n&nbsp;<br />\r\n试试看，再读一下Before与After这两段广告文案，差异在哪里呢？<br />\r\n&nbsp;<br />\r\nBefore:<br />\r\n&nbsp;<br />\r\n80%消费者用过之后，都对这家公司生产的雨伞感到很满意。<br />\r\n&nbsp;<br />\r\nAfter:<br />\r\n&nbsp;<br />\r\n80%消费者用过之后，都觉得这家公司的雨伞很好收纳，轻巧耐用，很适合通勤上班族的女生。<br />\r\n&nbsp;<br />\r\n笔者相信，你已经感受到了空雨伞，Before的文字，谈了空雨伞。描述了每一项该讲的事情。After的文字，除了空雨伞，又多加描述了伞的价值，可以创造故事的张力，或是凸显产品带给人的效益。<br />\r\n<div>\r\n	<br />\r\n</div>','uploads/image/20150903/1441295384.jpg','',0,18,1441292574,'true','true',1441520086),(19,1,5,2,'0,2,',-1,-1,'','传递智慧的名言海报设计','','','','','admin','','','','这些个名言警句都相当耳熟了，不过，用海报设计视觉化表现出来的还没见过吧？多伦多设计师 Ryan McArthur 热衷将名人名言设计成极简抽象派的海报，并用图案诠释金句的内涵。<br />\r\n这些至理名言大多来自 Rumi, Oscar Wilde, 和 Thomas Edison 这些令人尊敬的著名人物。看起来他十分偏爱王尔德。<br />','uploads/image/20150903/1441296181.jpg','',4,19,1441292640,'true','true',1441520086),(20,1,5,2,'0,2,',-1,-1,'','给素颜小镇做“包装”设计，颜值瞬间爆表','','','','','admin','','','','在街头进行艺术创作多年的德国涂鸦组织Germen Crew这次把创作空间搬到了墨西哥的一座小镇，因为地势高，从远处一眼就能看到。Germen Crew计划把这座素颜的小镇变成一个“彩虹村”。小镇不大，但是也有200多栋房子，要完成这浩大的工程，单靠艺术家们完美的想象力和单薄的体力是不行的，所以他们说服当地400多个家庭的居民一起投入到刷墙的工作中。','uploads/image/20150903/1441298627.jpg','',0,20,1441292688,'true','true',1441520086),(21,1,1,0,'0,',-1,-1,'','Heading goes here1','','','','','admin','','','Ipsum. Proin gravida nibh vel velit auctor aliquet. Aenean sollicitudin, lorem quis bibendum auctor, nisi elit consequat.','Ipsum. Proin gravida nibh vel velit auctor aliquet. Aenean sollicitudin, lorem quis bibendum auctor, nisi elit consequat.<br />','uploads/image/20150905/1441458378.jpg','',0,21,1441452147,'true','true',1441533014),(22,1,1,0,'0,',-1,-1,'','Heading goes here2','','','','','admin','','','Duis sed odio sit amet nibh vulputate cursus a sit amet mauris. Morbi accumsan ipsum velit. Nam nec tellus a odio.','Duis sed odio sit amet nibh vulputate cursus a sit amet mauris. Morbi accumsan ipsum velit. Nam nec tellus a odio.','uploads/image/20150905/1441458562.jpg','',0,22,1441452289,'true','true',1441533014),(23,1,1,0,'0,',-1,-1,'','Heading goes here3','','','','','admin','','','Sed non mauris vitae erat consequat auctor eu in elit. Class aptent taciti sociosqu ad litora torquent per conubia nostra, per.','Sed non mauris vitae erat consequat auctor eu in elit. Class aptent taciti sociosqu ad litora torquent per conubia nostra, per.','uploads/image/20150905/1441454490.jpg','',0,23,1441452318,'true','true',1441533014),(24,1,15,1,'0,1,',-1,-1,'','我们的故事产品展示标题1','','','','','admin','','','','<img src=\"/newphp-4/uploads/image/20150906/1441535803.jpg\" alt=\"\" />','uploads/image/20150906/1441537701.jpg','',1,24,1441530862,'true','true',1441777722),(25,1,15,1,'0,1,',-1,-1,'','我们的故事产品展示标题2','','','','','admin','','','','我们的故事_Name详细介绍','uploads/image/20150906/1441535291.jpg','',1,25,1441530974,'true','true',1441777722),(26,1,16,1,'0,1,',-1,-1,'','我们的产品展示标题1','','','','','admin','','','','我们的产品展示标题1详细i图文编辑区','uploads/image/20150906/1441536131.jpg','',1,26,1441531039,'true','true',1441777722),(27,1,16,1,'0,1,',-1,-1,'','我们的产品展示标题2','','','','','admin','','','','我们的产品展示标题2图文介绍编辑区','uploads/image/20150906/1441539423.jpg','',5,27,1441531148,'true','true',1441777722),(28,1,17,0,'0,',-1,-1,'','我们的顾客产品展示标题1','','','','','admin','','','','我们的顾客展示标题1详细介绍图文区','uploads/image/20150906/1441539405.jpg','',1,28,1441531351,'true','true',1441777722),(29,1,17,0,'0,',-1,-1,'','我们顾客产品展示标题展示2','','','','','admin','','','','我们顾客标题展示2详细介绍图文编辑区','uploads/image/20150906/1441542487.jpg','',6,29,1441532526,'true','true',1441777722),(30,1,2,0,'0,',-1,-1,'','意大利烘焙咖啡','','','','','admin','','','经典原味司康，松软酥脆，甘甜适口。创新融入龙眼花蜜，散发芬芳气息，再缀以清甜饱满的提子干，香甜滋味恰到好处。\r\n搭配一杯COFFEE的浓缩咖啡','经典原味司康，松软酥脆，甘甜适口。创新融入龙眼花蜜，散发芬芳气息，再缀以清甜饱满的提子干，香甜滋味恰到好处。 搭配一杯COFFEE的浓缩咖啡，香甜之余感受回味无穷。 传统司康饼是塑成三角形的，甜咸俱佳，以燕麦为主要材料，将面团放在煎饼用的浅锅中烘烤。它是起源于苏格兰的小食，它的名字源远流长，来源于苏格兰皇室的加冕地：一块被称为司康之石 (Stone of Scone)的石头。','uploads/image/20150906/1441541015.jpg','',0,30,1441533375,'true','true',1441777722),(31,1,2,0,'0,',-1,-1,'','苏门答腊咖啡','','','','','admin','','','经典原味司康，松软酥脆，甘甜适口。创新融入龙眼花蜜，散发芬芳气息，再缀以清甜饱满的提子干，香甜滋味恰到好处。\r\n搭配一杯COFFEE的浓缩咖啡','经典原味司康，松软酥脆，甘甜适口。创新融入龙眼花蜜，散发芬芳气息，再缀以清甜饱满的提子干，香甜滋味恰到好处。 搭配一杯COFFEE的浓缩咖啡，香甜之余感受回味无穷。 传统司康饼是塑成三角形的，甜咸俱佳，以燕麦为主要材料，将面团放在煎饼用的浅锅中烘烤。它是起源于苏格兰的小食，它的名字源远流长，来源于苏格兰皇室的加冕地：一块被称为司康之石 (Stone of Scone)的石头。','uploads/image/20150906/1441538291.jpg','',1,31,1441533452,'true','true',1441777722),(32,1,2,0,'0,',-1,-1,'','低因祥龙综合咖啡','','','','','admin','','','经典原味司康，松软酥脆，甘甜适口。创新融入龙眼花蜜，散发芬芳气息，再缀以清甜饱满的提子干，香甜滋味恰到好处。\r\n搭配一杯COFFEE的浓缩咖啡','经典原味司康，松软酥脆，甘甜适口。创新融入龙眼花蜜，散发芬芳气息，再缀以清甜饱满的提子干，香甜滋味恰到好处。 搭配一杯COFFEE的浓缩咖啡，香甜之余感受回味无穷。 传统司康饼是塑成三角形的，甜咸俱佳，以燕麦为主要材料，将面团放在煎饼用的浅锅中烘烤。它是起源于苏格兰的小食，它的名字源远流长，来源于苏格兰皇室的加冕地：一块被称为司康之石 (Stone of Scone)的石头。','uploads/image/20150906/1441541348.jpg','',0,32,1441533565,'true','true',1441777722),(33,1,2,0,'0,',-1,-1,'','加入COFFEE俱乐部','','','','','admin','','','经典原味司康，松软酥脆，甘甜适口。创新融入龙眼花蜜，散发芬芳气息，再缀以清甜饱满的提子干，香甜滋味恰到好处。\r\n搭配一杯COFFEE的浓缩咖啡','经典原味司康，松软酥脆，甘甜适口。创新融入龙眼花蜜，散发芬芳气息，再缀以清甜饱满的提子干，香甜滋味恰到好处。 搭配一杯COFFEE的浓缩咖啡，香甜之余感受回味无穷。 传统司康饼是塑成三角形的，甜咸俱佳，以燕麦为主要材料，将面团放在煎饼用的浅锅中烘烤。它是起源于苏格兰的小食，它的名字源远流长，来源于苏格兰皇室的加冕地：一块被称为司康之石 (Stone of Scone)的石头。','uploads/image/20150906/1441541764.jpg','',0,33,1441533618,'true','true',1441777722),(34,1,2,0,'0,',-1,-1,'','最新CORE卡系列的设计','','','','','admin','','','经典原味司康，松软酥脆，甘甜适口。创新融入龙眼花蜜，散发芬芳气息，再缀以清甜饱满的提子干，香甜滋味恰到好处。\r\n搭配一杯COFFEE的浓缩咖啡','经典原味司康，松软酥脆，甘甜适口。创新融入龙眼花蜜，散发芬芳气息，再缀以清甜饱满的提子干，香甜滋味恰到好处。 搭配一杯COFFEE的浓缩咖啡，香甜之余感受回味无穷。 传统司康饼是塑成三角形的，甜咸俱佳，以燕麦为主要材料，将面团放在煎饼用的浅锅中烘烤。它是起源于苏格兰的小食，它的名字源远流长，来源于苏格兰皇室的加冕地：一块被称为司康之石 (Stone of Scone)的石头。','uploads/image/20150906/1441541343.jpg','',0,34,1441533679,'true','true',1441777722),(35,1,2,0,'0,',-1,-1,'','咖啡心意星礼卡','','','','','admin','','','经典原味司康，松软酥脆，甘甜适口。创新融入龙眼花蜜，散发芬芳气息，再缀以清甜饱满的提子干，香甜滋味恰到好处。\r\n搭配一杯COFFEE的浓缩咖啡','经典原味司康，松软酥脆，甘甜适口。创新融入龙眼花蜜，散发芬芳气息，再缀以清甜饱满的提子干，香甜滋味恰到好处。 搭配一杯COFFEE的浓缩咖啡，香甜之余感受回味无穷。 传统司康饼是塑成三角形的，甜咸俱佳，以燕麦为主要材料，将面团放在煎饼用的浅锅中烘烤。它是起源于苏格兰的小食，它的名字源远流长，来源于苏格兰皇室的加冕地：一块被称为司康之石 (Stone of Scone)的石头','uploads/image/20150906/1441535488.jpg','',3,35,1441533861,'true','true',1441777722),(36,1,2,0,'0,',-1,-1,'','我们的门店就成了他们的港湾','','','','','admin','','','经典原味司康，松软酥脆，甘甜适口。创新融入龙眼花蜜，散发芬芳气息，再缀以清甜饱满的提子干，香甜滋味恰到好处。\r\n搭配一杯COFFEE的浓缩咖啡','经典原味司康，松软酥脆，甘甜适口。创新融入龙眼花蜜，散发芬芳气息，再缀以清甜饱满的提子干，香甜滋味恰到好处。 搭配一杯COFFEE的浓缩咖啡，香甜之余感受回味无穷。 传统司康饼是塑成三角形的，甜咸俱佳，以燕麦为主要材料，将面团放在煎饼用的浅锅中烘烤。它是起源于苏格兰的小食，它的名字源远流长，来源于苏格兰皇室的加冕地：一块被称为司康之石 (Stone of Scone)的石头。<br />','uploads/image/20150906/1441536113.jpg','',0,36,1441533933,'true','true',1441777722),(37,1,2,0,'0,',-1,-1,'','我们的顾客感受到一种归属感','','','','','admin','','','经典原味司康，松软酥脆，甘甜适口。创新融入龙眼花蜜，散发芬芳气息，再缀以清甜饱满的提子干，香甜滋味恰到好处。\r\n搭配一杯COFFEE的浓缩咖啡','经典原味司康，松软酥脆，甘甜适口。创新融入龙眼花蜜，散发芬芳气息，再缀以清甜饱满的提子干，香甜滋味恰到好处。 搭配一杯COFFEE的浓缩咖啡，香甜之余感受回味无穷。 传统司康饼是塑成三角形的，甜咸俱佳，以燕麦为主要材料，将面团放在煎饼用的浅锅中烘烤。它是起源于苏格兰的小食，它的名字源远流长，来源于苏格兰皇室的加冕地：一块被称为司康之石 (Stone of Scone)的石头','uploads/image/20150906/1441534853.jpg','',0,37,1441534223,'true','true',1441777722),(38,1,16,1,'0,1,',-1,-1,'','我们的产品展示标题1','','','','','admin','','','','我们的产品展示标题1详细内容图文区','uploads/image/20150906/1441540897.jpg','',12,38,1441539698,'true','true',1441777722),(39,1,15,1,'0,1,',-1,-1,'','真情告白网站建设','','','','','admin','','服饰，品牌官网','杭州绮恩贸易有限公司旗品牌，品牌于1999年成立，品牌以时尚、自然、灵动为设计宗旨，将简雅、时尚、艺术融为一体。以引导潮流、锐意创新、追求完美的设计思路;坚持品质至上、精益求精的工艺要求;重视品牌形象及品牌宣传。公司拥有强大、完备的设计师团队，长期与意大利等国外服装公司密切合作。','<img src=\"/newphp-5/uploads/image/20150909/1441805954.jpg\" alt=\"\" />','uploads/image/20150909/1441801941.jpg','',5,39,1441800684,'true','true',1457590103),(40,1,15,1,'0,1,',-1,-1,'','百艇汇网站建设','','','','','admin','','交通工具，品牌官网','百艇汇（上海）游艇投资管理有限公司于2014年1月由上海港国际客运中心开发有限公司、上海国富光启云计算科技有限公司携手创立，其中上港国客中心是我国大陆首家邮轮码头运营企业，坐拥1197米黄浦江黄金岸线，且旗下拥有游艇码头，约20个泊位，陆域约6000平方米；游艇保税仓，占地面积4200平方米；上海港国际邮轮旅行社，为国内首家专业的邮轮票务销售商；上港中免免税店有限责任公司，是经批准在全国范围内开展免税业务的国有公司；','<img src=\"/newphp-5/uploads/image/20150909/1441809043.jpg\" alt=\"\" />','uploads/image/20150909/1441800923.jpg','',32,40,1441800765,'true','true',1457590103),(41,1,16,1,'0,1,',-1,-1,'','龙狮戴尔服饰网站建设','','','','','admin','','服饰 品牌官网','','<img src=\"/newphp-5/uploads/image/20150909/1441803270.jpg\" alt=\"\" />','uploads/image/20150909/1441801457.jpg','',2,41,1441800899,'true','true',1457590103),(42,1,16,1,'0,1,',-1,-1,'','上海英钽电气工程有限公司网站建设','','','','','admin','','制造','上海英钽电气工程','<img src=\"/newphp-5/uploads/image/20150909/1441802154.jpg\" alt=\"\" />','uploads/image/20150909/1441804832.jpg','',2,42,1441801076,'true','true',1457590103),(43,1,17,0,'0,',-1,-1,'','Newport纽博特中国区官方站网站建设','','','','','admin','','家居','Newport纽博特中国区官方站','<img src=\"/newphp-5/uploads/image/20150909/1441802021.jpg\" alt=\"\" />','uploads/image/20150909/1441803787.jpg','',2,43,1441801191,'true','true',1457590103),(44,1,17,0,'0,',-1,-1,'','洁斯商贸官方网站建设网站建设','','','','','admin','','商业贸易','上海洁斯商贸有限公司','<img src=\"/newphp-5/uploads/image/20150909/1441802463.jpg\" alt=\"\" />','uploads/image/20150909/1441806833.jpg','',7,44,1441801301,'true','true',1457590103),(45,1,17,0,'0,',-1,-1,'','迪凯国际网站建设','','','','','admin','','房地产，品牌宣传官网','迪凯集团股份有限公司创立于2004年8月，是一家综合性财团型企业，总部位于钱江新城核心区，全国浙商500强企业，浙江省重质量守承诺创品牌三满意单位，浙江省清华学子总裁经济合作发展促进会实践平台，“同学经济”发展模式的践行者和成功典范，核心业务领域为房地产投资开发。','<img src=\"/newphp-5/uploads/image/20150909/1441805711.jpg\" alt=\"\" />','uploads/image/20150909/1441803374.jpg','',32,45,1441801394,'true','true',1457590103),(46,1,15,1,'0,1,',-1,-1,'','颐高养生园网站建设','','','','','admin','','度假村，品牌宣传官网',' 颐居养生园由颐高集团主力打造，项目总规划面积约5000亩，总投资达16亿元。颐高集团择址中国画城桐庐大奇山国家湿地森林公园核心地带，打造富春山健康城首开之作——颐居养生园，于富春山水藏风纳气、生态大美之地，构筑5000亩圈层养生度假群落。“颐居养生园”以陶渊明《归园田居》中“归园田”和“返自然”为核心，倡导健康、养生、圈层的全新理念。','<img src=\"/newphp-5/uploads/image/20150909/1441802387.jpg\" alt=\"\" />','uploads/image/20150909/1441805034.jpg','',78,46,1441801467,'true','true',1457590103),(47,1,20,2,'0,2,',-1,-1,'','效果营销实战派：如何将一套8000元的沙发，卖到58000元','','','','','admin','','','消费者在购买产品时，除了产品本身的使用价值外，更多的是购买一种感觉、文化、期望、面子、圈子、尊严、尊重、理解、地位等等象征性的意义。','第1种卖法：卖产品本身的使用价值，只能卖8000元/套<br />\r\n<br />\r\n如果你将他仅仅当一套普通的沙发，放在普通的商店，用普通的销售方法，也许它最多只能卖8000元钱，还可能遭遇邻家小店老板娘的降价到7800元招客暗招，这就是没有价值创新的悲惨结局。<br />\r\n<br />\r\n<br />\r\n第2种卖法：卖产品的文化价值，可以卖11000元/套<br />\r\n<br />\r\n如果你将它设计成今年最流行款式的沙发，可以卖11000元钱。隔壁小店老板娘降价招客的暗招估计也使不上了，因为你的沙发有文化，冲着这文化，消费者是愿意多掏钱的，这就是产品的文化价值创新。<br />\r\n<br />\r\n<br />\r\n第3种卖法：卖产品的品牌价值，就能卖15000元/套<br />\r\n<br />\r\n如果你将它贴上著名品牌的标签，它就能卖15000元/套。隔壁店7800元/套叫得再响也没用，因为你的沙发是有品牌的产品，几乎所有人都愿意为品牌付钱，这就是产品的品牌价值创新。<br />\r\n<br />\r\n<br />\r\n第4种卖法：卖产品的组合价值，卖20000元/套没问题<br />\r\n<br />\r\n如果你将沙发做成“城市客厅”系列造型，组合成一个套装，用温馨、时尚、精美的家庭包装，起名叫“我爱我的家”，一组叫城市印象，一组叫客厅印象，一组叫爱的足迹，卖20000元一套没问题。隔壁店老板娘就是7800元/套喊破嗓子也没用，小孩子一家会拉着妈妈去买你的“我爱我的家”全家福。这就是产品组合的价值创新。<br />\r\n<br />\r\n<br />\r\n第5种卖法：卖产品的延伸功能价值，卖25000元/套绝对可以<br />\r\n<br />\r\n如果你猛然发现沙发的材料竟然是：百分之百全铜、进口的西班牙进口云石、那我帮你挖掘出它的时尚、尊贵、优雅、个性、且还有收藏价值，卖25000元/套绝对可以。这个时候隔壁老板娘估计都不好意思7800元/套了，因为谁也不信7800元/套的沙发会有收藏价值，这就是产品的延伸价值创新。<br />\r\n<br />\r\n<br />\r\n第6种卖法：卖产品的细分市场价值，卖30000元以上/套也不是不可以<br />\r\n<br />\r\n如果你将你的那个具有收藏价值的沙发“祥云”或“龙”，，取名“吉祥如意”或“龙腾虎跃”，针对过属龙的或结婚情侣，卖个30000元以上/套,绝对会让为给对方买何种生日礼物的而伤透脑筋的小年轻们付完钱后还不忘回头说声“谢谢”，这就是产品的细分市场价值创新。<br />\r\n<br />\r\n<br />\r\n第7种卖法：卖产品的包装价值，卖39888元/套卖得可能更火<br />\r\n<br />\r\n如果把沙发做成三种包装：一种是实惠装（客厅+餐厅），29888元/套;第二种是精美装（客厅+餐厅+卧室），卖39888元/套;第三种是豪华装（客厅+餐厅+卧室+过道+玄关），卖49888元/套。可以肯定的是，最后卖得最火的肯定不是29888元/套的实惠装，而是39888元/套精美装，这就是产品的包装价值创新。<br />\r\n<br />\r\n<br />\r\n第8种卖法：卖产品的纪念价值，不卖58000元/套除非脑子进水<br />\r\n<br />\r\n如果这套沙发也被名人正在使用，又被用在什么著名场所呢，这样的沙发，不卖58000元/套除非脑子进水了，这就是产品的纪念价值创新。<br />\r\n<br />\r\n<br />\r\n营销手法解码：<br />\r\n<br />\r\n1、消费者在购买产品时，除了产品本身的使用价值外，更多的是购买一种感觉、文化、期望、面子、圈子、尊严、尊重、理解、地位等等象征性的意义。<br />\r\n<br />\r\n2、同样一套沙发，在沙发的世界——它的功能、结构、作用等依然如故，但随着沙发外面的世界变化，它的价值却在不断地发生变化。<br />\r\n<br />\r\n3、同样的沙发，采用不同的价值创新策略，就会产生不同的营销结果，如果能够深悟策划的含义，你还会一头栽进“沙发里面的世界”而出不来吗？<br />\r\n<br />\r\n一言蔽之，营销就是没有做不到，只有想不到。<br />','uploads/image/20150909/1441802692.jpg','',9,47,1441801673,'true','true',1457590103),(48,1,20,2,'0,2,',-1,-1,'','企业网站优化需要注重3点seo细节','','','','','admin','','','SEO简单来说是利用搜索引擎的搜索规则来提高目的网站在有关搜索引擎内的排名的方式。说起来做起来都很简单，但是有的人做的努力，却没有得到应有的回报，似乎搜索引擎不喜欢我们的网站','SEO简单来说是利用搜索引擎的搜索规则来提高目的网站在有关搜索引擎内的排名的方式。说起来做起来都很简单，但是有的人做的努力，却没有得到应有的回报，似乎搜索引擎不喜欢我们的网站。这是为什么呢？其实这往往就是我们在优化的过程中忽视了一些细节，所以导致我们的优化效果并不明显。那么究竟我们在做网站SEO时应该注意哪些细节问题呢？<br />\r\n<br />\r\n<br />\r\n第一，文章内容这块首先要认真和细心。主要表现在文章内容方面，文章内容要高质量的原创文章，以前听说随便拿来一篇文章修改30%不同就会被收录，但是目前这个时期，这个策略本人觉得已经不能取悦于搜索引擎，文章要自己认认真真的去写，首先第一步要熟悉公司产品围绕产品的不同特点可以组织很多文章，具体可以这样操作，一个产品特点可以进行深挖写出一篇文章，试想一下一个企业产品应该很多，每个产品的特点也是各有不同，针对这些我们seoer就可以大做文章，所以有人认为原创文章很难写，本人不敢苟同，关键是要用心去发现，找出其独特的地方用自己的语言组织出来。文章不但要求质量还要在时间上有定时定点的进行更新，这个是又一个注意要点，自己不明白的话可以多多模仿别人是如何做的比如A5搜索优化这块的文章最近几天本人发现一般审核通过之后都是在下午2点以后更新，晚上下班之前好像也有一次更新，只要用心去发现素材和技巧永远是有的，关于网站优化运营这块还是建议新手朋友多看看A5上的文章因为针对不同的站长，网赚的，优化的，新手入门的都可以在A5上找到适合自己的栏目，用心去学习进步自然是不言而喻的。<br />\r\n<br />\r\n<br />\r\n第二，网站外联方面要注意质量和速度的把握。首先说说笔者的做法，本人一般外联有一个原则就是宁缺勿滥，文章外联就好像交朋友，对于性格品德都比较好的朋友我们要用真心去赢得信任，竭力争取交这个朋友，对于品行不端的朋友我们要敬而远之，孟母三迁足以说明这个问题。所以好的网站外联我们要用心去获取，真诚和和自己网站相关的站点换友情链接，在外联的增长频率上要注意保持匀速增长，不要忽高忽低，把握好度很重要。高质量的外联一般包括，高权重的第三方博客，相关性的友情链接等等。<br />\r\n<br />\r\n<br />\r\n第三，网站安全是基础。最后这个问题还是要声明一下，网站服务器的安全可以说是犹如一个大楼的地基，没有这个基础，咱们用心所做的任何努力也会付诸东流，最近百度算法在网站服务器这块表现的最为明显，本人一个网站以为服务器故障缘故，第一天收录从150篇减少到40篇第二议天直接收录成0了，让人无法面对的事情终究还是发生了，虽然第三天服务器已经恢复，但是目前知道现在网站收录依然问为0，让人纠结和闹心，以上三点是本人在优化过程中的一点心得，和大家一起学习，虽然文笔欠佳，但是全是发自肺腑，只要能为大家带来一点启迪，本人已经心满意足。<br />\r\n<br />\r\n<br />\r\n上面和大家分享了我从事网站运营两年过程中的一点心酸和感悟，seo优化不仅仅是技术，更是耐心的考验。<br />','uploads/image/20150909/1441802392.jpg','',16,48,1441801750,'true','true',1457590103),(49,1,21,2,'0,2,',-1,-1,'','自适应网页设计：不同的设备呈现同样的网页','','','','','admin','','','随着3G的普及，越来越多的人使用手机上网。移动设备正超过桌面设备，成为访问互联网的最常见终端。于是，网页设计师不得不面对一个难题：如何才能在不同大小的设备上呈现同样的网页？','<p>\r\n	随着3G的普及，越来越多的人使用手机上网。移动设备正超过桌面设备，成为访问互联网的最常见终端。于是，网页设计师不得不面对一个难题：如何才能在不同大小的设备上呈现同样的网页？\r\n</p>\r\n<p>\r\n	手机的屏幕比较小，宽度通常在600像素以下；PC的屏幕宽度，一般都在1000像素以上（目前主流宽度是1366×768），有的还达到了2000像素。同样的内容，要在大小迥异的屏幕上，都呈现出满意的效果，并不是一件容易的事。<br />\r\n<br />\r\n很多网站的解决方法，是为不同的设备提供不同的网页，比如专门提供一个mobile版本，或者iPhone / iPad版本。这样做固然保证了效果，但是比较麻烦，同时要维护好几个版本，而且如果一个网站有多个portal（入口），会大大增加架构设计的复杂度。<br />\r\n<br />\r\n于是，很早就有人设想，能不能\"一次设计，普遍适用\"，让同一张网页自动适应不同大小的屏幕，根据屏幕宽度，自动调整布局（layout）？\r\n</p>','uploads/image/20150909/1441805112.jpg','',0,49,1441801808,'true','true',1457590103),(50,1,21,2,'0,2,',-1,-1,'','一号设计教你怎样提高百度竞价转化率','','','','','admin','','','现如今百度竞价已经成为一家企业网络推广的最直接的方式，只有你有钱就能随时排在首页。不过随之而来的问题就是怎么合理的去利用好账户资金来达到最佳推广效果。','现如今百度竞价已经成为一家企业网络推广的最直接的方式，只有你有钱就能随时排在首页。不过随之而来的问题就是怎么合理的去利用好账户资金来达到最佳推广效果。<br />\r\n<br />\r\n<br />\r\n今天也是因为我们杭州网站建设公司榕邦最近有很多客户反应到在百度开了竞价但是没有任何效果，所以想写这么一篇文章给大家简单的说下为什么会出现这种情况以及我们该怎样去应付。<br />\r\n<br />\r\n<br />\r\n首先，确定我们账户的流量是精准的，这是一个前提，如果不精准，就是有在多的流量也不会有转化，所以第一必须要做的事情就是检查我们的流量质量。<br />\r\n<br />\r\n<br />\r\n如果是日消费3-4百的小账户直接去统计后台去看一下，进我们网站的关键词是否精准。如果是比较大一点的账号就看下重点词的消费报告，这里为什么叫小账号去看百度统计的搜索词是因为小账号在搜索才统计出来的并不是很多没有针对性，直接看百度统计会好一点，然后我们说大账号怎么查，找到我们账号的消费高的词，找到这些词的搜索词报告看看一下这些搜索词是否精准。<br />\r\n<br />\r\n<br />\r\n到这里我们需要就是需要判断了：无非精准和不精准，这样两种情况怎么解决。<br />\r\n<br />\r\n<br />\r\n第一：流量不精准无转化。如果流量不精准就需要去调整我们的关键词的匹配模式，否词，在就就是对账号进行删词，扩词处理。（流量：地域流量大不好 公司流量词 品牌流量词）<br />\r\n<br />\r\n<br />\r\n第二：精准无转化的问题。这个也是比较头疼的问题，就是流量明明没有什么问题就是没有咨询。<br />\r\n<br />\r\n<br />\r\n那么这个时候就要针对关键作相关性的分析：<br />\r\n<br />\r\n<br />\r\n站内原因：首先我们确定了流量精准度没有问题，那么就需要看一下我们竞价的着陆页是不是相关，是不是我们的产品有所问题,如果有有问题进行着陆页的优化。<br />\r\n<br />\r\n<br />\r\n站外原因：如果着陆页也没有问题的话我们接着继续排查，看一下我们的竞争对手的着陆页和我们自己的对比。举个例子：我们卖的都是一个类型的P2P平台，竞争对手为新版的，竞价更加优惠，而我们卖的是老版本的价格高，如果是这样我们自然也就没有了竞争力。<br />\r\n<br />\r\n<br />\r\n第二：行业方面的问题。如果以上策略都做出了调整的以后还是没有咨询的话，那么看一下我们所处的行业的变化，如果做的是有季节性的产品肯定也是会有所影响。<br />','uploads/image/20150909/1441802580.jpg','',1,50,1441801880,'true','true',1457590103),(51,1,22,0,'0,',-1,-1,'','优质的服务器对SEO的影响有多大','','','','','admin','','','站服务器也称网站空间或网站主机，当然也是网站的三大组成部分之一，前几天也写过这样一篇文章：做SEO也要从最基础的网站三要素开始 。既然是三大组成部分，当然也是非常重要的一个因素','网站服务器也称网站空间或网站主机，当然也是网站的三大组成部分之一，前几天也写过这样一篇文章：做SEO也要从最基础的网站三要素开始 。既然是三大组成部分，当然也是非常重要的一个因素，同时也能直接影响到SEO效果。<br />\r\n<br />\r\n<br />\r\n杭州榕邦网站建设公司告诉大家一般选择网站服务必须要注意的细节：<br />\r\n<br />\r\n<br />\r\n速度<br />\r\n<br />\r\n<br />\r\n速度是我们每个朋友买空间最关注的问题，这个也直接影响我们访问网站的速度。相信大家都喜欢浏览一些打开快的网站吧！我想没有谁愿意花上几分钟的等待然后再观看网站上的结果吧！我相信蜘蛛也不喜欢访问速度过慢的网站，因为速度太慢了会造成很多页面访问失败，这种情况导致的结果就是蜘蛛有可能把我们的 网站内容收录成打不开的页面，有的甚至是乱码。<br />\r\n<br />\r\n<br />\r\n稳定<br />\r\n<br />\r\n<br />\r\n一般空间的稳定性只有通过去使用才能知道，短时间之内是看不出一个主机是否稳定的。这里说的稳定，就是指网站无论什么时候去访问，网站基本上是正常 的，当然网站维护时间除外。稳定压倒一切，如果三天两天的打不开，也会导致网站用户体验度降低，久而久之还有可能造成网站蜘蛛经常性的无法抓取，也会因为 这个而被K站。<br />\r\n<br />\r\n<br />\r\n安全性<br />\r\n<br />\r\n<br />\r\n安全性是一个网站服务器的根本，如果速度与稳定两个条件都满足的话，安全性不高。经常性的被攻击，也会影响到网站的正常使用，同时也会直接影响到 SEO的效果。最近我们也就遇到这样的问题，等排名刚刚有上升的驱势的时候，而网站确实攻击了，程序的主要组成部分被删导致网站无法访问，结果发现关键词 排名就直接消失啦！<br />\r\n<br />\r\n<br />\r\n以上三个因素是能直接影响我们网站的SEO效果，所以我们购买时应该首先考虑以上的条件。当然还有一些小的细节我们如果能好好的注意，对SEO也是很有帮助的。一般我还会注意哪些方面：<br />\r\n<br />\r\n<br />\r\n1、独立IP<br />\r\n<br />\r\n<br />\r\n建议大家做SEO的网站尽量选用独立IP空间，这样可以不用考虑我们网站是否受同IP下面其它网站的影响。这个只是推荐大家去考虑，一般也没有特别的要求，只是把网站的受到的影响降低。<br />\r\n<br />\r\n<br />\r\n2、服务器的环境<br />\r\n<br />\r\n<br />\r\n这个视我们使用的程序而定，倒如我们如果是PHP程序建议使用Linux，因为Linux系统安全性与稳定性都要高很多。<br />\r\n<br />\r\n<br />\r\n3、服务器的线路<br />\r\n<br />\r\n<br />\r\n像我们国内的一般有双线、电信、网通 ，一般也根据我们网站的使用要求来定，一般使用最多的是电信的线路，如果是小型企业网站这个也没什么特殊要求。也主要看我们网站上的目标客户主要是来源于哪个地区，如果是国内服务器，这个就没有这种说法啦！<br />','uploads/image/20150909/1441808678.jpg','',5,51,1441802001,'true','true',1457590103),(52,1,22,0,'0,',-1,-1,'','移动电商取得成功的六大策略','','','','','admin','','','首先我们必须意识到，移动设别用户对移动电商有着巨大的影响，这是一个不可否认的重要事实。电商网站多渠道营销引领单笔交易的日子已离我们而去。移动电商要想把握住这些移动用户，必须采用','首先我们必须意识到，移动设别用户对移动电商有着巨大的影响，这是一个不可否认的重要事实。电商网站多渠道营销引领单笔交易的日子已离我们而去。移动电商要想把握住这些移动用户，必须采用变个性的方法，而不是等待着被动的反应和交易。<br />\r\n<br />\r\n<br />\r\n在推广渠道上，一般都会选择单一的方式，如邮件或是离线极致，移动应用程度上就需要保持时刻的在线。他们不依懒于用户的直接行动来提供优惠和价值服务，更多的是根据用户间接活动，如登入或访问一个网址。<br />\r\n<br />\r\n<br />\r\n2、高度整合<br />\r\n<br />\r\n<br />\r\n不得不说，将网页与移动客户端无缝对接起来这是一个具有里程碑意义的事情。服务型的构架是允许不同的应用程序从未像过去那样相互交流。整合各种资源为客户提供价值，这是移动电商的关键。<br />\r\n<br />\r\n<br />\r\n网上那种为客户提供优惠、进行促销效果都不显著，但在移动网络上却具有非凡的意义。如今，是时间让玩家关注手机app之外，能为他们提供更多价值的合作伙伴和其它整合。<br />\r\n<br />\r\n<br />\r\n3、社会化<br />\r\n<br />\r\n<br />\r\n社会化一直被认为是手机硬件的杀手级app。电商与移动客户端的结合，必须要具有营销和促销活动两种特性，同时还是可以让用户成立小组进行分享评论的社会化媒体。过创造性的方式使消费者和他们的网络系统参与进来，包括那些基于位置，人口统计和行为的自组织网络（adhocnetworks）。这一点至关重要。<br />\r\n<br />\r\n<br />\r\n4、游戏化<br />\r\n<br />\r\n<br />\r\n不要小看了那些简单的徽章有游戏和分数累积的游戏，它可以让电子商务产品的潜力得到有效发挥。游戏化与电商是高度相关的，因为它甚至可以被传统电商网站广泛使用。它与提高手机用户忠诚度有着密切关系，用户会因为那些极具吸引的目标，冲动掏钱购买。如果“玩”的好，游戏化可以在暴富者和业务之间创造出赢家，这是一个重要的区别。<br />\r\n<br />\r\n<br />\r\n5、消费者语境意识<br />\r\n<br />\r\n<br />\r\n比起电脑，手机最大的优势在于它具有提供语境的能力。不管是通过用户登录跟踪他们的位置，还是根据用户的喜好递送动态和自定义菜单，或是简单的将用户行为与相对流行的产品相混合，在用户使用移动电子商务应用程序时，对消费者语境的理解和采取的行动，是其成功的一个关键因素。<br />','uploads/image/20150909/1441811814.jpg','',10,52,1441802081,'true','true',1457590103),(53,1,20,2,'0,2,',-1,-1,'','企业如何利用网络营销挣钱？','','','','','admin','','','倒退到5年以前，许多的企业拓展业务的主要方式还是用原来的传统方式（上门推销或通过人脉关系等），而今天不一样了，随着互联网的高速发展，今天一种新兴的拓展业务的新渠道诞生了：网络营','一、企业如何正确认识网络营销<br />\r\n<br />\r\n<br />\r\n倒退到5年以前，许多的企业拓展业务的主要方式还是用原来的传统方式（上门推销或通过人脉关系等），而今天不一样了，随着互联网的高速发展，今天一种新兴的拓展业务的新渠道诞生了：网络营销（说直接点就是通过网络销售产品）。 &nbsp;<br />\r\n<br />\r\n<br />\r\n据相关数据显示，目前中国大概有4000多万家企业，其中大约有百分之三十到四十的企业了解过网络营销，其中仅有百分之十左右的的企业正在尝试运用网络营销来拓展业务，并且他们都从中获得了利润，随着互联网的快速发展，加入网络营销的企业还会逐渐增多。曾有专家预言：电子商务、网络营销将席卷全球。这说明什么问题：网络营销是未来发展的趋势，现在谁先实施，谁就先获得商机与财富。<br />\r\n<br />\r\n<br />\r\n虽然网络营销在今天还处于待发展状态，但仍然还是有很多的企业对网络营销的认识存在偏差，他们不相信通过网络能为企业带来业务，能产生业绩和效益。这些想法使他们没有去真正尝试实施网络营销，从而没有通过网络带来盈利。笔者认为，企业要更好的开展网络营销，首先要对网络营销有个正确的认识，网络营销前期的理念很重要，理念不能接受，后期的实践就没什么价值。纵观当今社会发展，相信网络是未来发展趋势是第一步，其次再是具体的实施和操作，认识第一，执行第二，这点至关重要。&nbsp;<br />\r\n<br />\r\n<br />\r\n二、网络营销较传统营销的优势<br />\r\n<br />\r\n<br />\r\n1、成本低（网站的投入和人的智力成本）<br />\r\n<br />\r\n<br />\r\n2、不受时间和空间的限制（国内国外，随时随地）<br />\r\n<br />\r\n<br />\r\n3、传播范围广，方便，快捷（有网络有电脑即可，信息及时传播）<br />\r\n<br />\r\n<br />\r\n4、互动性强（客户有什么疑问直接就可以在网上在线咨询，沟通方便）&nbsp;<br />\r\n<br />\r\n<br />\r\n三、网络营销到底能为企业带来什么？<br />\r\n<br />\r\n<br />\r\n1、通过互联网获得更多的准客户信息和潜在客户信息，辅助传统营销，提升企业销售业绩！<br />\r\n<br />\r\n2、企业通过网络营销能提升企业知名度和实现品牌价值！<br />\r\n<br />\r\n<br />\r\n3、降低企业传统销售成本，通过互联网获得更高效的利润回报！<br />\r\n<br />\r\n4、让客户通过企业网站主动与企业联系，咨询购买产品！<br />\r\n<br />\r\n<br />\r\n5、超越竞争对手传统销售策略，掌握更多的商机和财富！<br />\r\n<br />\r\n<br />\r\n6、让企业形成网络营销体系，让业务网络化，轻松化！&nbsp;<br />\r\n<br />\r\n<br />\r\n四、企业如何实现网络营销&nbsp;<br />\r\n<br />\r\n<br />\r\n1、建立营销型网站&nbsp;<br />\r\n<br />\r\n<br />\r\n企业开展网络营销的第一步应该是建立营销型网站。目前百分之九十的企业都有了自己的企业网站，但百分之八十都只当摆设作用，不具营销的功效。网站是企业的名片，是企业产品和形象的综合展现平台，如果网站不能更好的吸引客户打动客户，那么对会营销产品的营销，所以建立营销型企业网站是企业从事网络营销的第一步。&nbsp;<br />\r\n<br />\r\n<br />\r\n2、加大力度推广，宣传，运营网站&nbsp;<br />\r\n<br />\r\n<br />\r\n网站做的再好，没有人知道你的存在，也相当于没有营销功效。只有把网站信息，产品信息，更广，更大，更宽的宣传，推广出去，让目标用户群知道，才会有人对产品进行咨询和进一步的购买。网站运营和推广是网络营销比较重要的阶段，需要一定的技术策略和思想策略。很多企业要做好这一点不容易。&nbsp;<br />\r\n<br />\r\n<br />\r\n3、提高产品质量，服务质量和企业形象&nbsp;<br />\r\n<br />\r\n<br />\r\n有些企业辛辛苦苦的推广网站，通过网络来了客户信息，但由于企业服务人员的服务质量和产品质量不能让客户满意，结果客户直接走掉，寻找竞争对手的企业。对于企业来说，眼看就要成功了，结果在最后一道服务环节出了问题。当今社会竞争那么大，除了产品价格和产品质量上的比拼之外，比的就是服务，但很多企业没有意识到这些细节问题的重要性，不能人性化的服务，结果也让网络营销开展无效。<br />','uploads/image/20150909/1441803350.jpg','',70,53,1441802147,'true','true',1457590103),(54,1,15,1,'0,1,',-1,-1,'','行车记录仪 白色真爱版W','','','','','admin','','','','详细图文介绍','uploads/image/20160310/1457590338.png','',0,54,1457590068,'true','true',1458916005),(55,1,15,1,'0,1,',-1,-1,'','PAPAGO行车记录仪1','','','','','admin','','','','详细图文介绍','uploads/image/20160310/1457593754.jpg','',0,55,1457590105,'true','true',1458916005),(56,1,15,1,'0,1,',-1,-1,'','任我游D588高清画质行','','','','','admin','','','','详细图文介绍','uploads/image/20160310/1457592534.jpg','',0,56,1457590138,'true','true',1458916005),(57,1,15,1,'0,1,',-1,-1,'','任我游 N568 行车记','','','','','admin','','','','详细图文介绍','uploads/image/20160310/1457599320.jpg','',1,57,1457590193,'true','true',1458916005),(58,1,16,1,'0,1,',-1,-1,'','爱国者蓝牙后视镜行车记录','','','','','admin','','','','详细图文介绍','uploads/image/20160310/1457594796.jpg','',0,58,1457590320,'true','true',1458958974),(59,1,16,1,'0,1,',-1,-1,'','惠普HP F310行车记','','','','','admin','','','','详细图文介绍','uploads/image/20160310/1457595035.jpg','',0,59,1457590357,'true','true',1458958974),(60,1,16,1,'0,1,',-1,-1,'','东风A60专用DVD导航','','','','','admin','','','','详细图文介绍','uploads/image/20160310/1457595925.jpg','',0,60,1457590407,'true','true',1458958974),(61,1,16,1,'0,1,',-1,-1,'','钢铁侠DK-680A车载','','','','','admin','','','','详细图文介绍','uploads/image/20160310/1457593374.jpg','',1,61,1457590480,'true','true',1458958974),(62,1,16,1,'0,1,',-1,-1,'','GoSafe650安全','','','','','admin','','','','详细图文介绍','uploads/image/20160310/1457596463.jpg','',3,62,1457590581,'true','true',1458958974),(63,1,15,1,'0,1,',-1,-1,'','提升用户体验的7大微交互','','','','','admin','','','','','uploads/image/20160325/1458920139.jpg','',0,63,1458915970,'true','',0),(64,1,15,1,'0,1,',-1,-1,'','七夕情人节HTML5+CSS3案例精选','','','','','admin','','','','','uploads/image/20160325/1458917294.jpg','',0,64,1458916030,'true','',0),(65,1,15,1,'0,1,',-1,-1,'','TGideas：探究H5的不同表现手法','','','','','admin','','','','','uploads/image/20160325/1458920245.jpg','',1,65,1458916060,'true','',0),(66,1,15,1,'0,1,',-1,-1,'','快来学学这十佳H5特效吧！','','','','','admin','','','','','uploads/image/20160325/1458922181.gif','',1,66,1458916090,'true','',0),(67,1,15,1,'0,1,',-1,-1,'','设计师应当多考虑产品，而不是功能','','','','','admin','','','','','uploads/image/20160325/1458924214.gif','',4,67,1458916125,'true','',0),(68,1,15,1,'0,1,',-1,-1,'','腾讯TGideas：一个牛逼H5诞生记','','','','','admin','','','','','uploads/image/20160325/1458925706.gif','',3,68,1458916842,'true','',0),(69,1,25,22,'0,22,',-1,-1,'','装饰工程服务 Decoration Engineering Services','','','','','admin','','','装饰工程是指房屋建筑施工中包括抹灰、油漆、刷浆、玻璃、裱糊、饰面、罩面板和花饰等工艺的工程，它是房屋建筑施工的最后一个施工过程，其具体内容包括内外墙面和顶棚的的抹灰，内外墙饰面和镶面、楼地面的饰面、房屋立面花饰的安装、门窗等木制品和金属品的油漆刷浆等。','','uploads/image/20160326/1458964848.png','',0,69,1458955988,'true','true',1458956291),(70,1,25,22,'0,22,',-1,-1,'','装修工程服务 Decoration Engineering Services','','','','','admin','','','随着生活水平的不断提高，装修这一行业慢慢地从建筑这一大行业之中脱离开来，发展成为了一个专门的子行业。通常意义上，装修公司的职责范围应该包括前期装修设计、 装修材料选配、装修施工、后期配饰、保修维护等几个阶段。','','uploads/image/20160326/1458964736.png','',0,70,1458956030,'true','',0),(71,1,25,22,'0,22,',-1,-1,'','中央空调服务 Central Air-conditioning Services','','','','','admin','','','中央空调系统由冷热源系统和空气调节系统组成。采用液体汽化制冷的原理为空气调节系统提供所需冷量，用以抵消室内环境的冷负荷；制热系统为空气调节系统提供用以抵消室内环境热负荷的热量。制冷系统是中央空调系统至关重要的部分，其采用种类、运行方式、结构形式等直接影响了中央空调系统在运行中的经济性、高效性、合理性。','','uploads/image/20160326/1458964217.png','',2,71,1458956111,'true','',0),(72,1,25,22,'0,22,',-1,-1,'','通风工程服务 Ventilation engineering Services','','','','','admin','','','通风按照范围可分为全面通风和局部通风。全面通风也称稀释通风，它是对整个空间进行换气。局部通风是在污染物的产生地点直接把被污染的空气收集起来排至室外，或者直接向局部空间供给新鲜空气。局部通风具有通风效果好、风量节省等优点。','','uploads/image/20160326/1458960280.png','',3,72,1458956157,'true','',0),(73,1,25,22,'0,22,',-1,-1,'','VIP增值服务 VIP Value-added Services','','','','','admin','','','加入VIP分享客户联谊会，与国内一线品牌大企业面对面交流，扩充人脉，交换思维，有梦一起飞。定期举办新、老客户联谊会、交流会、企业讨论会，充分整合资源，让客户通过月亮湾交流平台，加强合作，促进交流，最大限度的实现资源共享。成为铂金会员的客户，即可获得企业现代管理咨询、品牌策划、营销策划、业务培训等方面的资讯与服务，全面提升客户的品牌价值，助您的企业搏击风浪，迈向辉煌！','','uploads/image/20160326/1458965666.png','',3,73,1458956204,'true','',0),(74,1,35,34,'0,34,',-1,-1,'','张钧甯','','','','','admin','','','生活赋予我们一种巨大的和无限高贵的礼品','','uploads/image/20160326/1458959072.jpg','',0,74,1458957660,'true','true',1458963221),(75,1,35,34,'0,34,',-1,-1,'','杨颖','','','','','admin','','','十年历程，我们经历了风雨也看见了彩虹','','uploads/image/20160326/1458965408.jpg','',0,75,1458957714,'true','true',1458963221),(76,1,35,34,'0,34,',-1,-1,'','唐嫣','','','','','admin','','','对于任何一家成功的企业来说，服务都','','uploads/image/20160326/1458967382.jpg','',0,76,1458957772,'true','true',1458963221),(77,1,35,34,'0,34,',-1,-1,'','刘亦菲','','','','','admin','','','我们不仅期待通过企业创造的差异化价','','uploads/image/20160326/1458966858.jpg','',0,77,1458957814,'true','true',1458963221),(78,1,35,34,'0,34,',-1,-1,'','林允儿','','','','','admin','','','对于自己一手培育起来的事业，秦道禄','','uploads/image/20160326/1458960176.jpg','',0,78,1458957859,'true','true',1458963221),(79,1,41,0,'0,',-1,-1,'','天猫','','','','','admin','','','','','uploads/image/20160326/1458961396.jpg','',0,79,1458959007,'true','',0),(80,1,41,0,'0,',-1,-1,'','联想','','','','','admin','','','','','uploads/image/20160326/1458968737.jpg','',0,80,1458959039,'true','',0),(81,1,41,0,'0,',-1,-1,'','顺丰快递','','','','','admin','','','','','uploads/image/20160326/1458966623.jpg','',1,81,1458959131,'true','',0),(82,1,41,0,'0,',-1,-1,'','李宁','','','','','admin','','','','','uploads/image/20160326/1458962299.jpg','',1,82,1458959318,'true','',0),(83,1,41,0,'0,',-1,-1,'','新浪微博','','','','','admin','','','','','uploads/image/20160326/1458965806.jpg','',0,83,1458959350,'true','',0),(84,1,41,0,'0,',-1,-1,'','当当网','','','','','admin','','','','','uploads/image/20160326/1458965746.jpg','',0,84,1458959644,'true','',0),(85,1,41,0,'0,',-1,-1,'','京东网','','','','','admin','','','','','uploads/image/20160326/1458969207.jpg','',0,85,1458959683,'true','',0),(86,1,41,0,'0,',-1,-1,'','龙湖地产','','','','','admin','','','','','uploads/image/20160326/1458961774.jpg','',0,86,1458960110,'true','',0),(87,1,41,0,'0,',-1,-1,'','淘宝返利','','','','','admin','','','','','uploads/image/20160326/1458967463.jpg','',0,87,1458960145,'true','',0),(88,1,41,0,'0,',-1,-1,'','易迅网','','','','','admin','','','','','uploads/image/20160326/1458962784.jpg','',0,88,1458960335,'true','',0),(89,1,42,0,'0,',-1,-1,'','30年行业管理经验','','','','','admin','','','成立于2001年，是中国最早专业从事办公环境策划的领军企业...','','uploads/image/20160326/1458970897.png','',1,89,1458961273,'true','',0),(90,1,42,0,'0,',-1,-1,'','世界500强的选择','','','','','admin','','','客户大多来源于世界500强优秀企业，让原本就优秀的企业如今更加优秀...','','uploads/image/20160326/1458968940.png','',0,90,1458961317,'true','',0),(91,1,42,0,'0,',-1,-1,'','汇集国内一流设计团队','','','','','admin','','','团队全部来源于国内外高等设计名校，注册设计师占总设计团队的80%以上...','','uploads/image/20160326/1458971332.png','',0,91,1458961370,'true','',0),(92,1,42,0,'0,',-1,-1,'','预算精准合理','','','','','admin','','','预算精准，误差10%以内，合伙伙伴均为国内一线品牌供应商，与我们达成长期战略合作...','','uploads/image/20160326/1458969487.png','',0,92,1458961416,'true','',0),(93,1,42,0,'0,',-1,-1,'','国家质量验收标准','','','','','admin','','','严格按照ISO9001-2008质量标准管理，严格选择国家GB50210环保标准材料，保证质量稳定同时符合环保要求...','','uploads/image/20160326/1458964049.png','',0,93,1458961467,'true','',0),(94,1,42,0,'0,',-1,-1,'','工程配套一体化','','','','','admin','','','报建、消防、弱电系统、空调系统、家具系统、门禁考勤、监控系统、程控电话、集团视频会议系统等一体化配套...','','uploads/image/20160326/1458964429.png','',0,94,1458961550,'true','',0);
/*!40000 ALTER TABLE `pmw_infoimg` ENABLE KEYS */;
UNLOCK TABLES;

--
-- Table structure for table `pmw_infolist`
--

DROP TABLE IF EXISTS `pmw_infolist`;
/*!40101 SET @saved_cs_client     = @@character_set_client */;
/*!40101 SET character_set_client = utf8 */;
CREATE TABLE `pmw_infolist` (
  `id` int(10) unsigned NOT NULL AUTO_INCREMENT COMMENT '列表信息id',
  `siteid` smallint(5) unsigned NOT NULL DEFAULT '1' COMMENT '站点id',
  `classid` smallint(5) unsigned NOT NULL COMMENT '所属栏目id',
  `parentid` smallint(5) unsigned NOT NULL COMMENT '所属栏目上级id',
  `parentstr` varchar(80) NOT NULL COMMENT '所属栏目上级id字符串',
  `mainid` smallint(5) NOT NULL COMMENT '二级类别id',
  `mainpid` smallint(5) NOT NULL COMMENT '二级类别上级id',
  `mainpstr` varchar(80) NOT NULL COMMENT '二级类别上级id字符串',
  `title` varchar(80) NOT NULL COMMENT '标题',
  `colorval` char(10) NOT NULL COMMENT '字体颜色',
  `boldval` char(10) NOT NULL COMMENT '字体加粗',
  `flag` varchar(30) NOT NULL COMMENT '属性',
  `source` varchar(50) NOT NULL COMMENT '文章来源',
  `author` varchar(50) NOT NULL COMMENT '作者编辑',
  `linkurl` varchar(255) NOT NULL COMMENT '跳转链接',
  `keywords` varchar(50) NOT NULL COMMENT '关键词',
  `description` varchar(255) NOT NULL COMMENT '摘要',
  `content` mediumtext NOT NULL COMMENT '详细内容',
  `picurl` varchar(100) NOT NULL COMMENT '缩略图片',
  `picarr` text NOT NULL COMMENT '组图',
  `hits` mediumint(8) unsigned NOT NULL COMMENT '点击次数',
  `orderid` int(10) unsigned NOT NULL COMMENT '排列排序',
  `posttime` int(10) NOT NULL COMMENT '更新时间',
  `checkinfo` enum('true','false') NOT NULL COMMENT '审核状态',
  `delstate` set('true') NOT NULL COMMENT '删除状态',
  `deltime` int(10) unsigned NOT NULL COMMENT '删除时间',
  `fujian` varchar(100) NOT NULL,
  PRIMARY KEY (`id`)
) ENGINE=MyISAM AUTO_INCREMENT=26 DEFAULT CHARSET=utf8;
/*!40101 SET character_set_client = @saved_cs_client */;

--
-- Dumping data for table `pmw_infolist`
--

LOCK TABLES `pmw_infolist` WRITE;
/*!40000 ALTER TABLE `pmw_infolist` DISABLE KEYS */;
INSERT INTO `pmw_infolist` VALUES (1,1,20,2,'0,2,',-1,-1,'','油价上涨激发勘探业石油钻探设备出','','','','','admin','','','','油价上涨激发勘探业石油钻探设备出详细内容','','',0,1,1457593149,'true','true',1458877636,''),(2,1,20,2,'0,2,',-1,-1,'','涨激发勘探业石油钻探设备出口激增','','','','','admin','','','','涨激发勘探业石油钻探设备出口激增详细内容','','',0,2,1457593185,'true','true',1458877636,''),(3,1,20,2,'0,2,',-1,-1,'','公司全面实施国际质量管理和质量保证体系','','','','','admin','','','','公司全面实施国际质量管理和质量保证体系详细内容','','',0,3,1457593200,'true','true',1458877636,''),(4,1,20,2,'0,2,',-1,-1,'','国际质量管理和质量保证体系国际质量管理','','','','','admin','','','','国际质量管理和质量保证体系国际质量管理详细内容','','',0,4,1457593220,'true','true',1458877636,''),(5,1,20,2,'0,2,',-1,-1,'','迎中兴金鸡湖花园开盘，大型团装团购征集样板房活动','','','','','admin','','','','迎中兴金鸡湖花园开盘，大型团装团购征集样板房活动详细内容','','',0,5,1457593234,'true','true',1458877636,''),(6,1,21,2,'0,2,',-1,-1,'','家具选购的十大原则春季家具选购的十大原则','','','','','admin','','','','家具选购的十大原则春季家具选购的十大原则详细内容','','',1,6,1457593253,'true','true',1458877636,''),(7,1,21,2,'0,2,',-1,-1,'','瓦宾法鲁以宁静和浪漫著称','','','','','admin','','','','瓦宾法鲁以宁静和浪漫著称详细内容','','',0,7,1457593274,'true','true',1458877636,''),(8,1,21,2,'0,2,',-1,-1,'','HTML5提供了一些新的元素和属性','','','','','admin','','','','HTML5提供了一些新的元素和属性详细内容','','',1,8,1457593291,'true','true',1458877636,''),(9,1,21,2,'0,2,',-1,-1,'','购买板式家具以及推拉门者必读','','','','','admin','','','','购买板式家具以及推拉门者必读详细内容','','',1,9,1457593307,'true','true',1458877636,''),(10,1,21,2,'0,2,',-1,-1,'','春季家具选购的十大原则','','','','','admin','','','','春季家具选购的十大原则详细内容<span style=\"display:none;\" id=\"__kindeditor_bookmark_start_4__\"></span>','','',8,10,1457593373,'true','true',1458877636,''),(11,1,25,22,'0,22,',-1,-1,'','源码云平台帮助文档','','','','','admin','','','','','','',0,11,1457596052,'true','true',1458877636,'uploads/soft/20160310/1457603015.doc'),(12,1,26,22,'0,22,',-1,-1,'','档案压缩包下载','','','','','admin','','','','','','',0,12,1457596102,'true','true',1458877636,'uploads/soft/20160310/1457596154.rar'),(13,1,20,2,'0,2,',-1,-1,'','手机网站目前优化有哪些技巧？','','','','','admin','','','最近医疗行业都在加大手机网站建设，但是手机网站基本上都没有排名！不知道其他行业手机网站优化有没有开始研究！希望','','uploads/image/20160325/1458883158.jpg','',0,13,1458877202,'true','',0,''),(14,1,20,2,'0,2,',-1,-1,'','企业微网站步伐该怎么走？','','','','','admin','','','时下，微信的用户量每年均在上升，现在已经超过了三亿。借此机会，许多企业网站希望通过建立有效的微平台的方式来做网','','uploads/image/20160325/1458878011.jpg','',0,14,1458877717,'true','',0,''),(15,1,20,2,'0,2,',-1,-1,'','网站被恶意泛域名解析问题的解决方案','','','','','admin','','','貌似最近不有少的网站被人做了恶意泛域名解析，连xbiao.c_o_m也在其中，见下图1。鉴于许多朋友遇到了这样的问题，我就把自','','uploads/image/20160325/1458878283.gif','',1,15,1458877782,'true','',0,''),(16,1,20,2,'0,2,',-1,-1,'','网站联系我们里的百度地图是如何标注的','','','','','admin','','','最近经常有会员请教类似的问题：模板中的百度地图的初始位置显示不对，怎么改成默认显示想要的位置？ 统一回复：可以','','uploads/image/20160325/1458882970.png','',0,16,1458877967,'true','',0,''),(17,1,20,2,'0,2,',-1,-1,'','平面设计师如何提高自己的设计水平？','','','','','admin','','','我看到多数类似问题的答案，都是和商业相关联的，这或许也是中国平面艺术无法得到质的改变的原因之一。 如果有注意到','','uploads/image/20160325/1458885161.png','',2,17,1458878068,'true','',0,''),(18,1,21,2,'0,2,',-1,-1,'','MYSQL数据库编码原理','','','','','admin','','','很多站长可能与织梦58小编一样，觉得MYSQL数据库即熟悉又神秘。熟悉是因为我们每天都会用到MYSQL进行安装织梦程序，陌生是','','uploads/image/20160325/1458884212.jpg','',0,18,1458878192,'true','',0,''),(19,1,29,2,'0,2,',-1,-1,'','超简洁代码 JQuery GoTop(返回顶部)','','','','','admin','','','因为是自用OA上使用,所以只看了Chrome和IE11的兼容,如果遇到问题欢迎反馈. $ ( function ( ) { $ ( window ) . scroll ( function ( ) { if ( $','','uploads/image/20160325/1458879214.jpg','',0,19,1458878235,'true','',0,''),(20,1,30,2,'0,2,',-1,-1,'','七套CSS3绚丽动画按钮','','','','','admin','','','不用javaScript也能做出绚丽多彩的动画按钮。下载此效果： CSS3绚丽动画按钮HTML代码： div class=content div class=button-wrapper a hre','','uploads/image/20160325/1458883349.jpg','',0,20,1458878322,'true','',0,''),(21,1,20,2,'0,2,',-1,-1,'','百度竞价恶意点击实战心得','','','','','admin','','','作者：胡文强 这将是一篇很有意义的文章,可以让你对百度凤巢系统有更深一步认识。 认真看下去，收获必将不少。 百度推','','uploads/image/20160325/1458896761.jpg','',9,21,1458894887,'true','',0,''),(22,1,21,2,'0,2,',-1,-1,'','加快HTML5开发 Egret Wing 2.0可视化编辑器','','','','','admin','','','随着HTML5游戏《围住神经猫》爆红网络，越来越多的游戏开发者纷纷把目光投向HTML5领域。但是HTML5游戏开发软件的低效率往往','','uploads/image/20160325/1458899817.jpg','',0,22,1458896665,'true','',0,''),(23,1,21,2,'0,2,',-1,-1,'','浅谈：织梦CMS仿站的一些小结','','','','','admin','','','记得刚开始接触织梦的时候是在一个朋友的引荐下才去学的，当时我只是一个连HTML都不懂的新手鸟，自己做一个简单的页面','','uploads/image/20160325/1458899311.png','',0,23,1458896903,'true','',0,''),(24,1,21,2,'0,2,',-1,-1,'','Google谷歌、百度这些年来都做了哪些搜索引擎算','','','','','admin','','','我们都知道有搜索引擎算法(获得网站网页资料，建立数据库并提供查询的系统)，但是为何要做搜索引擎算法调整呢?其实不难','','uploads/image/20160325/1458897859.gif','',0,24,1458896953,'true','',0,''),(25,1,21,2,'0,2,',-1,-1,'','自己网站老是中毒怎么办呢?','','','','','admin','','','下载 顽固木马后门专杀工具 ，解压上传到 wwwroot 根目录，然后访问根据提示执行扫描。 需注意： 1. 跟目录下必须有','','uploads/image/20160325/1458903154.gif','',0,25,1458897029,'true','',0,'');
/*!40000 ALTER TABLE `pmw_infolist` ENABLE KEYS */;
UNLOCK TABLES;

--
-- Table structure for table `pmw_infosrc`
--

DROP TABLE IF EXISTS `pmw_infosrc`;
/*!40101 SET @saved_cs_client     = @@character_set_client */;
/*!40101 SET character_set_client = utf8 */;
CREATE TABLE `pmw_infosrc` (
  `id` smallint(5) unsigned NOT NULL AUTO_INCREMENT COMMENT '来源id',
  `srcname` varchar(30) NOT NULL COMMENT '来源名称',
  `linkurl` varchar(80) NOT NULL COMMENT '来源地址',
  `orderid` smallint(5) unsigned NOT NULL COMMENT '来源排序',
  PRIMARY KEY (`id`)
) ENGINE=MyISAM DEFAULT CHARSET=utf8;
/*!40101 SET character_set_client = @saved_cs_client */;

--
-- Dumping data for table `pmw_infosrc`
--

LOCK TABLES `pmw_infosrc` WRITE;
/*!40000 ALTER TABLE `pmw_infosrc` DISABLE KEYS */;
/*!40000 ALTER TABLE `pmw_infosrc` ENABLE KEYS */;
UNLOCK TABLES;

--
-- Table structure for table `pmw_job`
--

DROP TABLE IF EXISTS `pmw_job`;
/*!40101 SET @saved_cs_client     = @@character_set_client */;
/*!40101 SET character_set_client = utf8 */;
CREATE TABLE `pmw_job` (
  `id` mediumint(8) unsigned NOT NULL AUTO_INCREMENT COMMENT '招聘信息id',
  `siteid` smallint(5) unsigned NOT NULL DEFAULT '1' COMMENT '站点id',
  `title` varchar(50) NOT NULL COMMENT '位岗名称',
  `jobplace` varchar(80) NOT NULL COMMENT '工作地点',
  `jobdescription` varchar(50) NOT NULL COMMENT '工作性质',
  `employ` smallint(5) unsigned NOT NULL COMMENT '招聘人数',
  `jobsex` enum('0','1','2') NOT NULL COMMENT '性别要求',
  `treatment` varchar(50) NOT NULL COMMENT '工资待遇',
  `usefullife` varchar(50) NOT NULL COMMENT '有效期',
  `experience` varchar(50) NOT NULL COMMENT '工作经验',
  `education` varchar(80) NOT NULL COMMENT '学历要求',
  `joblang` varchar(50) NOT NULL COMMENT '言语能力',
  `workdesc` mediumtext NOT NULL COMMENT '职位描述',
  `content` mediumtext NOT NULL COMMENT '职位要求',
  `orderid` mediumint(8) unsigned NOT NULL COMMENT '排列排序',
  `posttime` int(10) unsigned NOT NULL COMMENT '更新时间',
  `checkinfo` enum('true','false') NOT NULL COMMENT '审核状态',
  PRIMARY KEY (`id`)
) ENGINE=MyISAM DEFAULT CHARSET=utf8;
/*!40101 SET character_set_client = @saved_cs_client */;

--
-- Dumping data for table `pmw_job`
--

LOCK TABLES `pmw_job` WRITE;
/*!40000 ALTER TABLE `pmw_job` DISABLE KEYS */;
/*!40000 ALTER TABLE `pmw_job` ENABLE KEYS */;
UNLOCK TABLES;

--
-- Table structure for table `pmw_lnk`
--

DROP TABLE IF EXISTS `pmw_lnk`;
/*!40101 SET @saved_cs_client     = @@character_set_client */;
/*!40101 SET character_set_client = utf8 */;
CREATE TABLE `pmw_lnk` (
  `id` smallint(5) unsigned NOT NULL AUTO_INCREMENT COMMENT '快捷方式id',
  `lnkname` varchar(30) NOT NULL COMMENT '快捷方式名称',
  `lnklink` varchar(50) NOT NULL COMMENT '跳转链接',
  `lnkico` varchar(50) NOT NULL COMMENT 'ico地址',
  `orderid` smallint(5) unsigned NOT NULL COMMENT '排列排序',
  PRIMARY KEY (`id`)
) ENGINE=MyISAM AUTO_INCREMENT=5 DEFAULT CHARSET=utf8;
/*!40101 SET character_set_client = @saved_cs_client */;

--
-- Dumping data for table `pmw_lnk`
--

LOCK TABLES `pmw_lnk` WRITE;
/*!40000 ALTER TABLE `pmw_lnk` DISABLE KEYS */;
INSERT INTO `pmw_lnk` VALUES (1,'栏目管理','infoclass.php','templates/images/lnkBg01.png',1),(2,'列表管理','infolist.php','templates/images/lnkBg02.png',2),(3,'图片管理','infoimg.php','templates/images/lnkBg03.png',3),(4,'商品管理','goods.php','templates/images/lnkBg04.png',4);
/*!40000 ALTER TABLE `pmw_lnk` ENABLE KEYS */;
UNLOCK TABLES;

--
-- Table structure for table `pmw_maintype`
--

DROP TABLE IF EXISTS `pmw_maintype`;
/*!40101 SET @saved_cs_client     = @@character_set_client */;
/*!40101 SET character_set_client = utf8 */;
CREATE TABLE `pmw_maintype` (
  `id` smallint(5) unsigned NOT NULL AUTO_INCREMENT COMMENT '二级类别id',
  `siteid` smallint(5) unsigned NOT NULL DEFAULT '1' COMMENT '站点id',
  `parentid` smallint(5) unsigned NOT NULL COMMENT '类别上级id',
  `parentstr` varchar(50) NOT NULL COMMENT '类别上级id字符串',
  `classname` varchar(30) NOT NULL COMMENT '类别名称',
  `orderid` smallint(5) unsigned NOT NULL COMMENT '排列排序',
  `checkinfo` enum('true','false') NOT NULL COMMENT '审核状态',
  PRIMARY KEY (`id`)
) ENGINE=MyISAM DEFAULT CHARSET=utf8;
/*!40101 SET character_set_client = @saved_cs_client */;

--
-- Dumping data for table `pmw_maintype`
--

LOCK TABLES `pmw_maintype` WRITE;
/*!40000 ALTER TABLE `pmw_maintype` DISABLE KEYS */;
/*!40000 ALTER TABLE `pmw_maintype` ENABLE KEYS */;
UNLOCK TABLES;

--
-- Table structure for table `pmw_member`
--

DROP TABLE IF EXISTS `pmw_member`;
/*!40101 SET @saved_cs_client     = @@character_set_client */;
/*!40101 SET character_set_client = utf8 */;
CREATE TABLE `pmw_member` (
  `id` int(10) unsigned NOT NULL AUTO_INCREMENT COMMENT '用户id',
  `username` varchar(32) NOT NULL COMMENT '用户名',
  `password` varchar(32) NOT NULL COMMENT '密码',
  `question` varchar(50) NOT NULL COMMENT '提问',
  `answer` varchar(50) NOT NULL COMMENT '回答',
  `cnname` varchar(10) NOT NULL COMMENT '姓名',
  `enname` varchar(20) NOT NULL COMMENT '英文名',
  `avatar` varchar(100) NOT NULL COMMENT '头像',
  `sex` tinyint(1) unsigned NOT NULL COMMENT '性别',
  `birthtype` tinyint(1) unsigned NOT NULL COMMENT '生日类型',
  `birth_year` varchar(10) NOT NULL DEFAULT '-1' COMMENT '生日_年',
  `birth_month` varchar(10) NOT NULL DEFAULT '-1' COMMENT '生日_月',
  `birth_day` varchar(10) NOT NULL DEFAULT '-1' COMMENT '生日_日',
  `astro` varchar(10) NOT NULL DEFAULT '-1' COMMENT '星座',
  `bloodtype` tinyint(2) NOT NULL DEFAULT '-1' COMMENT '血型',
  `trade` varchar(10) NOT NULL DEFAULT '-1' COMMENT '行业',
  `live_prov` varchar(10) NOT NULL DEFAULT '-1' COMMENT '现居地_省',
  `live_city` varchar(10) NOT NULL DEFAULT '-1' COMMENT '现居地_市',
  `live_country` varchar(15) NOT NULL DEFAULT '-1' COMMENT '现居地_区',
  `home_prov` varchar(10) NOT NULL DEFAULT '-1' COMMENT '故乡_省',
  `home_city` varchar(10) NOT NULL DEFAULT '-1' COMMENT '故乡_市',
  `home_country` varchar(15) NOT NULL DEFAULT '-1' COMMENT '故乡_区',
  `cardtype` tinyint(2) NOT NULL DEFAULT '-1' COMMENT '证件类型',
  `cardnum` varchar(32) NOT NULL COMMENT '证件号码',
  `intro` text NOT NULL COMMENT '个人说明',
  `email` varchar(40) NOT NULL COMMENT '电子邮件',
  `qqnum` varchar(20) NOT NULL COMMENT 'QQ号码',
  `mobile` varchar(20) NOT NULL COMMENT '手机',
  `telephone` varchar(20) NOT NULL COMMENT '固定电话',
  `address_prov` varchar(10) NOT NULL DEFAULT '-1' COMMENT '通信地址_省',
  `address_city` varchar(10) NOT NULL DEFAULT '-1' COMMENT '通信地址_市',
  `address_country` varchar(15) NOT NULL DEFAULT '-1' COMMENT '通信地址_区',
  `address` varchar(100) NOT NULL COMMENT '通信地址',
  `zipcode` varchar(10) NOT NULL COMMENT '邮编',
  `enteruser` set('1') NOT NULL COMMENT '认证',
  `expval` int(10) NOT NULL COMMENT '经验值',
  `integral` int(10) unsigned NOT NULL COMMENT '积分',
  `regtime` int(10) unsigned NOT NULL COMMENT '注册时间',
  `regip` varchar(20) NOT NULL COMMENT '注册IP',
  `logintime` int(10) unsigned NOT NULL COMMENT '登录时间',
  `loginip` varchar(20) NOT NULL COMMENT '登录IP',
  `qqid` varchar(32) NOT NULL COMMENT '绑定QQ',
  `weiboid` varchar(32) NOT NULL COMMENT '绑定微博',
  PRIMARY KEY (`id`)
) ENGINE=MyISAM DEFAULT CHARSET=utf8;
/*!40101 SET character_set_client = @saved_cs_client */;

--
-- Dumping data for table `pmw_member`
--

LOCK TABLES `pmw_member` WRITE;
/*!40000 ALTER TABLE `pmw_member` DISABLE KEYS */;
/*!40000 ALTER TABLE `pmw_member` ENABLE KEYS */;
UNLOCK TABLES;

--
-- Table structure for table `pmw_message`
--

DROP TABLE IF EXISTS `pmw_message`;
/*!40101 SET @saved_cs_client     = @@character_set_client */;
/*!40101 SET character_set_client = utf8 */;
CREATE TABLE `pmw_message` (
  `id` mediumint(8) unsigned NOT NULL AUTO_INCREMENT COMMENT '留言id',
  `siteid` smallint(5) unsigned NOT NULL DEFAULT '1' COMMENT '站点id',
  `nickname` varchar(30) NOT NULL COMMENT '昵称',
  `contact` varchar(50) NOT NULL COMMENT '联系方式',
  `content` text NOT NULL COMMENT '留言内容',
  `htop` set('true') NOT NULL COMMENT '置顶',
  `rtop` set('true') NOT NULL COMMENT '推荐',
  `ip` char(20) NOT NULL COMMENT '留言IP',
  `recont` text NOT NULL COMMENT '回复内容',
  `retime` int(10) unsigned NOT NULL COMMENT '回复时间',
  `orderid` mediumint(8) unsigned NOT NULL COMMENT '排列排序',
  `posttime` int(10) unsigned NOT NULL COMMENT '更新时间',
  `checkinfo` enum('true','false') NOT NULL COMMENT '审核状态',
  PRIMARY KEY (`id`)
) ENGINE=MyISAM AUTO_INCREMENT=5 DEFAULT CHARSET=utf8;
/*!40101 SET character_set_client = @saved_cs_client */;

--
-- Dumping data for table `pmw_message`
--

LOCK TABLES `pmw_message` WRITE;
/*!40000 ALTER TABLE `pmw_message` DISABLE KEYS */;
/*!40000 ALTER TABLE `pmw_message` ENABLE KEYS */;
UNLOCK TABLES;

--
-- Table structure for table `pmw_nav`
--

DROP TABLE IF EXISTS `pmw_nav`;
/*!40101 SET @saved_cs_client     = @@character_set_client */;
/*!40101 SET character_set_client = utf8 */;
CREATE TABLE `pmw_nav` (
  `id` smallint(5) unsigned NOT NULL AUTO_INCREMENT COMMENT '导航id',
  `siteid` smallint(5) unsigned NOT NULL DEFAULT '1' COMMENT '站点id',
  `parentid` smallint(5) unsigned NOT NULL COMMENT '导航分类',
  `parentstr` varchar(50) NOT NULL COMMENT '导航分类父id字符串',
  `classname` varchar(30) NOT NULL COMMENT '导航名称',
  `linkurl` varchar(255) NOT NULL COMMENT '跳转链接',
  `relinkurl` varchar(255) NOT NULL COMMENT '重写地址',
  `picurl` varchar(100) NOT NULL COMMENT '导航图片',
  `target` varchar(30) NOT NULL COMMENT '打开方式',
  `orderid` smallint(5) unsigned NOT NULL COMMENT '排列排序',
  `checkinfo` enum('true','false') NOT NULL COMMENT '隐藏导航',
  PRIMARY KEY (`id`)
) ENGINE=MyISAM AUTO_INCREMENT=13 DEFAULT CHARSET=utf8;
/*!40101 SET character_set_client = @saved_cs_client */;

--
-- Dumping data for table `pmw_nav`
--

LOCK TABLES `pmw_nav` WRITE;
/*!40000 ALTER TABLE `pmw_nav` DISABLE KEYS */;
INSERT INTO `pmw_nav` VALUES (1,1,0,'0,','导航菜单','#','','','',1,'true'),(2,1,1,'0,1,','关于我们','about.php','','','',2,'true'),(3,1,1,'0,1,','产品案例','products.php','','','',3,'true'),(5,1,1,'0,1,','下载中心','download.php','','','',5,'true'),(11,1,1,'0,1,','最新资讯','news.php','','','',4,'true'),(12,1,1,'0,1,','联系我们','contact.php','','','',6,'true');
/*!40000 ALTER TABLE `pmw_nav` ENABLE KEYS */;
UNLOCK TABLES;

--
-- Table structure for table `pmw_paymode`
--

DROP TABLE IF EXISTS `pmw_paymode`;
/*!40101 SET @saved_cs_client     = @@character_set_client */;
/*!40101 SET character_set_client = utf8 */;
CREATE TABLE `pmw_paymode` (
  `id` smallint(5) unsigned NOT NULL AUTO_INCREMENT COMMENT '支付方式id',
  `classname` varchar(30) NOT NULL COMMENT '支付方式名称',
  `orderid` smallint(5) unsigned NOT NULL COMMENT '排列排序',
  `checkinfo` enum('true','false') NOT NULL COMMENT '审核状态',
  PRIMARY KEY (`id`)
) ENGINE=MyISAM AUTO_INCREMENT=3 DEFAULT CHARSET=utf8;
/*!40101 SET character_set_client = @saved_cs_client */;

--
-- Dumping data for table `pmw_paymode`
--

LOCK TABLES `pmw_paymode` WRITE;
/*!40000 ALTER TABLE `pmw_paymode` DISABLE KEYS */;
INSERT INTO `pmw_paymode` VALUES (1,'在线支付',1,'true'),(2,'货到付款',2,'true');
/*!40000 ALTER TABLE `pmw_paymode` ENABLE KEYS */;
UNLOCK TABLES;

--
-- Table structure for table `pmw_postmode`
--

DROP TABLE IF EXISTS `pmw_postmode`;
/*!40101 SET @saved_cs_client     = @@character_set_client */;
/*!40101 SET character_set_client = utf8 */;
CREATE TABLE `pmw_postmode` (
  `id` smallint(5) unsigned NOT NULL AUTO_INCREMENT COMMENT '配送方式id',
  `classname` varchar(30) NOT NULL COMMENT '配送方式',
  `postprice` varchar(10) NOT NULL COMMENT '配送价格',
  `orderid` smallint(5) unsigned NOT NULL COMMENT '排列排序',
  `checkinfo` enum('true','false') NOT NULL COMMENT '审核状态',
  PRIMARY KEY (`id`)
) ENGINE=MyISAM AUTO_INCREMENT=6 DEFAULT CHARSET=utf8;
/*!40101 SET character_set_client = @saved_cs_client */;

--
-- Dumping data for table `pmw_postmode`
--

LOCK TABLES `pmw_postmode` WRITE;
/*!40000 ALTER TABLE `pmw_postmode` DISABLE KEYS */;
INSERT INTO `pmw_postmode` VALUES (1,'申通','15',1,'true'),(2,'中通','15',2,'true'),(3,'圆通','15',3,'true'),(4,'顺丰','22',4,'true'),(5,'EMS','20',5,'true');
/*!40000 ALTER TABLE `pmw_postmode` ENABLE KEYS */;
UNLOCK TABLES;

--
-- Table structure for table `pmw_site`
--

DROP TABLE IF EXISTS `pmw_site`;
/*!40101 SET @saved_cs_client     = @@character_set_client */;
/*!40101 SET character_set_client = utf8 */;
CREATE TABLE `pmw_site` (
  `id` smallint(5) unsigned NOT NULL AUTO_INCREMENT COMMENT '站点ID',
  `sitename` varchar(30) NOT NULL COMMENT '站点名称',
  `sitekey` varchar(30) NOT NULL COMMENT '站点标识',
  `sitelang` varchar(50) NOT NULL COMMENT '站点语言包',
  PRIMARY KEY (`id`)
) ENGINE=MyISAM AUTO_INCREMENT=2 DEFAULT CHARSET=utf8;
/*!40101 SET character_set_client = @saved_cs_client */;

--
-- Dumping data for table `pmw_site`
--

LOCK TABLES `pmw_site` WRITE;
/*!40000 ALTER TABLE `pmw_site` DISABLE KEYS */;
INSERT INTO `pmw_site` VALUES (1,'默认站点','zh_CN','zh_CN');
/*!40000 ALTER TABLE `pmw_site` ENABLE KEYS */;
UNLOCK TABLES;

--
-- Table structure for table `pmw_soft`
--

DROP TABLE IF EXISTS `pmw_soft`;
/*!40101 SET @saved_cs_client     = @@character_set_client */;
/*!40101 SET character_set_client = utf8 */;
CREATE TABLE `pmw_soft` (
  `id` int(10) unsigned NOT NULL AUTO_INCREMENT COMMENT '软件信息id',
  `siteid` smallint(5) unsigned NOT NULL DEFAULT '1' COMMENT '站点id',
  `classid` smallint(5) unsigned NOT NULL COMMENT '所属栏目id',
  `parentid` smallint(5) unsigned NOT NULL COMMENT '所属栏目上级id',
  `parentstr` varchar(80) NOT NULL COMMENT '所属栏目上级id字符串',
  `mainid` smallint(5) NOT NULL COMMENT '二级类别id',
  `mainpid` smallint(5) NOT NULL COMMENT '二级类别父id',
  `mainpstr` varchar(80) NOT NULL COMMENT '二级累呗父id字符串',
  `title` varchar(80) NOT NULL COMMENT '标题',
  `colorval` char(10) NOT NULL COMMENT '字体颜色',
  `boldval` char(10) NOT NULL COMMENT '字体加粗',
  `flag` varchar(30) NOT NULL COMMENT '属性',
  `filetype` char(4) NOT NULL COMMENT '文件类型',
  `softtype` char(10) NOT NULL COMMENT '软件类型',
  `language` char(10) NOT NULL COMMENT '界面语言',
  `accredit` char(10) NOT NULL COMMENT '授权方式',
  `softsize` varchar(10) NOT NULL COMMENT '软件大小',
  `unit` char(4) NOT NULL COMMENT '软件大小单位',
  `runos` varchar(50) NOT NULL COMMENT '运行环境',
  `website` varchar(255) NOT NULL COMMENT '官方网站',
  `demourl` varchar(255) NOT NULL COMMENT '演示地址',
  `dlurl` varchar(255) NOT NULL COMMENT '下载地址',
  `source` varchar(50) NOT NULL COMMENT '文章来源',
  `author` varchar(50) NOT NULL COMMENT '作者编辑',
  `linkurl` varchar(255) NOT NULL COMMENT '跳转链接',
  `keywords` varchar(50) NOT NULL COMMENT '关键字',
  `description` varchar(255) NOT NULL COMMENT '描述',
  `content` mediumtext NOT NULL COMMENT '内容',
  `picurl` varchar(100) NOT NULL COMMENT '缩略图片',
  `picarr` text NOT NULL COMMENT '组图',
  `hits` mediumint(8) unsigned NOT NULL COMMENT '点击次数',
  `orderid` int(10) unsigned NOT NULL COMMENT '排列排序',
  `posttime` int(10) NOT NULL COMMENT '更新时间',
  `checkinfo` enum('true','false') NOT NULL COMMENT '审核状态',
  `delstate` set('true') NOT NULL COMMENT '删除状态',
  `deltime` int(10) unsigned NOT NULL COMMENT '删除时间',
  PRIMARY KEY (`id`)
) ENGINE=MyISAM DEFAULT CHARSET=utf8;
/*!40101 SET character_set_client = @saved_cs_client */;

--
-- Dumping data for table `pmw_soft`
--

LOCK TABLES `pmw_soft` WRITE;
/*!40000 ALTER TABLE `pmw_soft` DISABLE KEYS */;
/*!40000 ALTER TABLE `pmw_soft` ENABLE KEYS */;
UNLOCK TABLES;

--
-- Table structure for table `pmw_sysevent`
--

DROP TABLE IF EXISTS `pmw_sysevent`;
/*!40101 SET @saved_cs_client     = @@character_set_client */;
/*!40101 SET character_set_client = utf8 */;
CREATE TABLE `pmw_sysevent` (
  `id` int(11) unsigned NOT NULL AUTO_INCREMENT COMMENT '信息id',
  `uname` varchar(30) NOT NULL COMMENT '用户名',
  `siteid` tinyint(1) unsigned NOT NULL COMMENT '站点id',
  `model` varchar(30) NOT NULL COMMENT '操作模块',
  `classid` int(10) unsigned NOT NULL COMMENT '栏目id',
  `action` varchar(10) NOT NULL COMMENT '执行操作',
  `posttime` int(10) NOT NULL COMMENT '操作时间',
  `ip` varchar(20) NOT NULL COMMENT '操作ip',
  PRIMARY KEY (`id`)
) ENGINE=MyISAM AUTO_INCREMENT=52 DEFAULT CHARSET=utf8;
/*!40101 SET character_set_client = @saved_cs_client */;

--
-- Dumping data for table `pmw_sysevent`
--

LOCK TABLES `pmw_sysevent` WRITE;
/*!40000 ALTER TABLE `pmw_sysevent` DISABLE KEYS */;
INSERT INTO `pmw_sysevent` VALUES (1,'admin',1,'sysevent',0,'all',1487856934,'0.0.0.0'),(2,'admin',1,'web_config',0,'all',1487857102,'0.0.0.0'),(3,'admin',1,'web_config',0,'all',1487857164,'0.0.0.0'),(4,'admin',1,'web_config',0,'all',1487857245,'0.0.0.0'),(5,'admin',1,'web_config',0,'all',1487857320,'0.0.0.0'),(6,'admin',1,'web_config',0,'all',1487857387,'0.0.0.0'),(7,'admin',1,'message',0,'all',1487857448,'0.0.0.0'),(8,'admin',1,'weblink',0,'all',1487857464,'0.0.0.0'),(9,'admin',1,'web_config',0,'all',1487857638,'0.0.0.0'),(10,'admin',1,'message',0,'all',1487857805,'0.0.0.0'),(11,'admin',1,'message',0,'all',1487857896,'0.0.0.0'),(12,'admin',1,'weblink',0,'all',1487857902,'0.0.0.0'),(13,'admin',1,'infoimg',0,'all',1487858085,'0.0.0.0'),(14,'admin',1,'message',0,'all',1487858129,'0.0.0.0'),(15,'admin',1,'infoimg',0,'all',1487858152,'0.0.0.0'),(16,'admin',1,'info',0,'all',1487858218,'0.0.0.0'),(17,'admin',1,'info',40,'update',1487858264,'0.0.0.0'),(18,'admin',1,'infoclass',0,'all',1487858303,'0.0.0.0'),(19,'admin',1,'message',0,'all',1487858304,'0.0.0.0'),(20,'admin',1,'infoimg',0,'all',1487858363,'0.0.0.0'),(21,'admin',1,'message',0,'all',1487858371,'0.0.0.0'),(22,'admin',1,'infoimg',0,'all',1487858470,'0.0.0.0'),(23,'admin',1,'message',0,'all',1487858477,'0.0.0.0'),(24,'admin',1,'info',0,'all',1487858521,'0.0.0.0'),(25,'admin',1,'info',23,'update',1487858541,'0.0.0.0'),(26,'admin',1,'web_config',0,'all',1487858652,'0.0.0.0'),(27,'admin',1,'web_config',0,'all',1487858780,'0.0.0.0'),(28,'admin',1,'message',0,'all',1487858830,'0.0.0.0'),(29,'admin',1,'infoclass',0,'all',1487858837,'0.0.0.0'),(30,'admin',1,'database_backup',0,'all',1487858840,'0.0.0.0'),(31,'admin',1,'admin',0,'all',1487858841,'0.0.0.0'),(32,'admin',1,'web_config',0,'all',1487858841,'0.0.0.0'),(33,'admin',1,'logout',0,'all',1487858917,'0.0.0.0'),(34,'admin',1,'login',0,'',1487858959,'0.0.0.0'),(35,'admin',1,'database_backup',0,'all',1487858965,'0.0.0.0'),(36,'admin',1,'infoclass',0,'all',1487858981,'0.0.0.0'),(37,'admin',1,'upload_filemgr_sql',0,'all',1487858983,'0.0.0.0'),(38,'admin',1,'admin',0,'all',1487858986,'0.0.0.0'),(39,'admin',1,'web_config',0,'all',1487858988,'0.0.0.0'),(40,'admin',1,'message',0,'all',1487859066,'0.0.0.0'),(41,'admin',1,'infoimg',0,'all',1487859092,'0.0.0.0'),(42,'admin',1,'infoimg',0,'all',1487859300,'0.0.0.0'),(43,'admin',1,'message',0,'all',1487859301,'0.0.0.0'),(44,'admin',1,'web_config',0,'all',1487859368,'0.0.0.0'),(45,'admin',1,'database_backup',0,'all',1487859370,'0.0.0.0'),(46,'admin',1,'upload_filemgr_sql',0,'all',1487859371,'0.0.0.0'),(47,'admin',1,'admin',0,'all',1487859429,'0.0.0.0'),(48,'admin',1,'weblink',0,'all',1487859468,'0.0.0.0'),(49,'admin',1,'message',0,'all',1487859469,'0.0.0.0'),(50,'admin',1,'info',0,'all',1487859621,'0.0.0.0'),(51,'admin',1,'web_config',0,'all',1487859741,'0.0.0.0');
/*!40000 ALTER TABLE `pmw_sysevent` ENABLE KEYS */;
UNLOCK TABLES;

--
-- Table structure for table `pmw_uploads`
--

DROP TABLE IF EXISTS `pmw_uploads`;
/*!40101 SET @saved_cs_client     = @@character_set_client */;
/*!40101 SET character_set_client = utf8 */;
CREATE TABLE `pmw_uploads` (
  `id` mediumint(10) unsigned NOT NULL AUTO_INCREMENT COMMENT '上传信息id',
  `name` varchar(30) NOT NULL COMMENT '文件名称',
  `path` varchar(100) NOT NULL COMMENT '文件路径',
  `size` int(10) NOT NULL COMMENT '文件大小',
  `type` enum('image','soft','media') NOT NULL COMMENT '文件类型',
  `posttime` int(10) NOT NULL COMMENT '上传日期',
  PRIMARY KEY (`id`)
) ENGINE=MyISAM AUTO_INCREMENT=287 DEFAULT CHARSET=utf8;
/*!40101 SET character_set_client = @saved_cs_client */;

--
-- Dumping data for table `pmw_uploads`
--

LOCK TABLES `pmw_uploads` WRITE;
/*!40000 ALTER TABLE `pmw_uploads` DISABLE KEYS */;
INSERT INTO `pmw_uploads` VALUES (6,'1441270323.png','uploads/image/20150903/1441270323.png',21468,'image',1441264291),(63,'1441537701.jpg','uploads/image/20150906/1441537701.jpg',18656,'image',1441530874),(64,'1441535803.jpg','uploads/image/20150906/1441535803.jpg',95974,'image',1441530897),(65,'1441535291.jpg','uploads/image/20150906/1441535291.jpg',22066,'image',1441530992),(66,'1441536131.jpg','uploads/image/20150906/1441536131.jpg',26610,'image',1441531057),(13,'1441297145.jpg','uploads/image/20150903/1441297145.jpg',28643,'image',1441290625),(14,'1441293202.jpg','uploads/image/20150903/1441293202.jpg',37779,'image',1441290673),(15,'1441292983.jpg','uploads/image/20150903/1441292983.jpg',65550,'image',1441290776),(16,'1441296575.jpg','uploads/image/20150903/1441296575.jpg',20593,'image',1441290861),(67,'1441539423.jpg','uploads/image/20150906/1441539423.jpg',16749,'image',1441531160),(18,'1441295194.png','uploads/image/20150903/1441295194.png',49641,'image',1441290937),(19,'1441292386.jpg','uploads/image/20150903/1441292386.jpg',25836,'image',1441290996),(20,'1441299275.jpg','uploads/image/20150903/1441299275.jpg',21065,'image',1441291069),(21,'1441300997.jpg','uploads/image/20150903/1441300997.jpg',23407,'image',1441291144),(22,'1441292635.jpg','uploads/image/20150903/1441292635.jpg',48627,'image',1441291202),(23,'1441299761.jpg','uploads/image/20150903/1441299761.jpg',64676,'image',1441291916),(24,'1441300782.jpg','uploads/image/20150903/1441300782.jpg',46790,'image',1441292288),(25,'1441295900.jpg','uploads/image/20150903/1441295900.jpg',48317,'image',1441292348),(26,'1441301601.jpg','uploads/image/20150903/1441301601.jpg',48008,'image',1441292395),(27,'1441297237.jpg','uploads/image/20150903/1441297237.jpg',29684,'image',1441292444),(28,'1441292540.jpg','uploads/image/20150903/1441292540.jpg',11544,'image',1441292477),(29,'1441302016.jpg','uploads/image/20150903/1441302016.jpg',40205,'image',1441292529),(30,'1441295384.jpg','uploads/image/20150903/1441295384.jpg',76356,'image',1441292583),(31,'1441296181.jpg','uploads/image/20150903/1441296181.jpg',27796,'image',1441292650),(32,'1441298627.jpg','uploads/image/20150903/1441298627.jpg',68435,'image',1441292695),(68,'1441539405.jpg','uploads/image/20150906/1441539405.jpg',23056,'image',1441531506),(69,'1441542487.jpg','uploads/image/20150906/1441542487.jpg',24970,'image',1441532543),(70,'1441541015.jpg','uploads/image/20150906/1441541015.jpg',8548,'image',1441533383),(72,'1441538291.jpg','uploads/image/20150906/1441538291.jpg',18277,'image',1441533513),(73,'1441541348.jpg','uploads/image/20150906/1441541348.jpg',10237,'image',1441533574),(74,'1441541764.jpg','uploads/image/20150906/1441541764.jpg',12755,'image',1441533627),(75,'1441541343.jpg','uploads/image/20150906/1441541343.jpg',7208,'image',1441533687),(76,'1441535488.jpg','uploads/image/20150906/1441535488.jpg',9156,'image',1441533870),(77,'1441536113.jpg','uploads/image/20150906/1441536113.jpg',12958,'image',1441533941),(78,'1441534853.jpg','uploads/image/20150906/1441534853.jpg',10183,'image',1441534253),(79,'1441540897.jpg','uploads/image/20150906/1441540897.jpg',20882,'image',1441539754),(54,'1441458378.jpg','uploads/image/20150905/1441458378.jpg',28848,'image',1441452261),(55,'1441458562.jpg','uploads/image/20150905/1441458562.jpg',24958,'image',1441452304),(56,'1441454490.jpg','uploads/image/20150905/1441454490.jpg',51177,'image',1441452386),(90,'1441801941.jpg','uploads/image/20150909/1441801941.jpg',12660,'image',1441800704),(91,'1441805954.jpg','uploads/image/20150909/1441805954.jpg',323012,'image',1441800761),(92,'1441809043.jpg','uploads/image/20150909/1441809043.jpg',438015,'image',1441800836),(93,'1441800923.jpg','uploads/image/20150909/1441800923.jpg',15395,'image',1441800872),(94,'1441801457.jpg','uploads/image/20150909/1441801457.jpg',11464,'image',1441801028),(95,'1441803270.jpg','uploads/image/20150909/1441803270.jpg',172094,'image',1441801047),(96,'1441802154.jpg','uploads/image/20150909/1441802154.jpg',380081,'image',1441801113),(97,'1441804832.jpg','uploads/image/20150909/1441804832.jpg',15182,'image',1441801146),(98,'1441803787.jpg','uploads/image/20150909/1441803787.jpg',20544,'image',1441801207),(99,'1441802021.jpg','uploads/image/20150909/1441802021.jpg',196738,'image',1441801262),(100,'1441806833.jpg','uploads/image/20150909/1441806833.jpg',16103,'image',1441801308),(101,'1441802463.jpg','uploads/image/20150909/1441802463.jpg',175286,'image',1441801358),(102,'1441803374.jpg','uploads/image/20150909/1441803374.jpg',16276,'image',1441801402),(103,'1441805711.jpg','uploads/image/20150909/1441805711.jpg',213829,'image',1441801432),(104,'1441805034.jpg','uploads/image/20150909/1441805034.jpg',14533,'image',1441801475),(105,'1441802387.jpg','uploads/image/20150909/1441802387.jpg',201750,'image',1441801507),(106,'1441802692.jpg','uploads/image/20150909/1441802692.jpg',14377,'image',1441801688),(107,'1441802392.jpg','uploads/image/20150909/1441802392.jpg',6335,'image',1441801759),(108,'1441805112.jpg','uploads/image/20150909/1441805112.jpg',20408,'image',1441801849),(109,'1441802580.jpg','uploads/image/20150909/1441802580.jpg',6278,'image',1441801895),(110,'1441808678.jpg','uploads/image/20150909/1441808678.jpg',13496,'image',1441802018),(111,'1441811814.jpg','uploads/image/20150909/1441811814.jpg',6826,'image',1441802090),(112,'1441803350.jpg','uploads/image/20150909/1441803350.jpg',9769,'image',1441802155),(285,'1459601999.png','uploads/image/20160402/1459601999.png',25697,'image',1459593999),(214,'1457590338.png','uploads/image/20160310/1457590338.png',35989,'image',1457590077),(215,'1457593754.jpg','uploads/image/20160310/1457593754.jpg',34451,'image',1457590123),(216,'1457592534.jpg','uploads/image/20160310/1457592534.jpg',33076,'image',1457590169),(217,'1457599320.jpg','uploads/image/20160310/1457599320.jpg',28532,'image',1457590212),(218,'1457594796.jpg','uploads/image/20160310/1457594796.jpg',33076,'image',1457590328),(219,'1457595035.jpg','uploads/image/20160310/1457595035.jpg',29633,'image',1457590367),(220,'1457595925.jpg','uploads/image/20160310/1457595925.jpg',27574,'image',1457590416),(221,'1457593374.jpg','uploads/image/20160310/1457593374.jpg',17098,'image',1457590488),(222,'1457596463.jpg','uploads/image/20160310/1457596463.jpg',21822,'image',1457590590),(223,'1457603015.doc','uploads/soft/20160310/1457603015.doc',9216,'soft',1457596075),(224,'1457596154.rar','uploads/soft/20160310/1457596154.rar',1938,'soft',1457596141),(225,'1458875764.png','uploads/image/20160325/1458875764.png',13500,'image',1458874112),(226,'1458883992.jpg','uploads/image/20160325/1458883992.jpg',385780,'image',1458874314),(227,'1458877364.jpg','uploads/image/20160325/1458877364.jpg',288815,'image',1458874336),(228,'1458883648.jpg','uploads/image/20160325/1458883648.jpg',290126,'image',1458874353),(229,'1458874744.jpg','uploads/image/20160325/1458874744.jpg',278631,'image',1458874379),(230,'1458884403.png','uploads/image/20160325/1458884403.png',26278,'image',1458874636),(231,'1458883158.jpg','uploads/image/20160325/1458883158.jpg',7182,'image',1458877609),(232,'1458878011.jpg','uploads/image/20160325/1458878011.jpg',9775,'image',1458877754),(233,'1458878283.gif','uploads/image/20160325/1458878283.gif',13016,'image',1458877823),(234,'1458882970.png','uploads/image/20160325/1458882970.png',29642,'image',1458878046),(235,'1458885161.png','uploads/image/20160325/1458885161.png',50337,'image',1458878147),(236,'1458884212.jpg','uploads/image/20160325/1458884212.jpg',15801,'image',1458878210),(237,'1458879214.jpg','uploads/image/20160325/1458879214.jpg',11482,'image',1458878280),(238,'1458883349.jpg','uploads/image/20160325/1458883349.jpg',6511,'image',1458878366),(239,'1458896761.jpg','uploads/image/20160325/1458896761.jpg',7567,'image',1458894898),(240,'1458899817.jpg','uploads/image/20160325/1458899817.jpg',6511,'image',1458896755),(241,'1458899311.png','uploads/image/20160325/1458899311.png',34950,'image',1458896921),(242,'1458897859.gif','uploads/image/20160325/1458897859.gif',5824,'image',1458896988),(243,'1458903154.gif','uploads/image/20160325/1458903154.gif',10074,'image',1458897054),(245,'1458920139.jpg','uploads/image/20160325/1458920139.jpg',68828,'image',1458915996),(246,'1458917294.jpg','uploads/image/20160325/1458917294.jpg',37479,'image',1458916038),(247,'1458920245.jpg','uploads/image/20160325/1458920245.jpg',67109,'image',1458916068),(248,'1458922181.gif','uploads/image/20160325/1458922181.gif',923036,'image',1458916097),(249,'1458924214.gif','uploads/image/20160325/1458924214.gif',795802,'image',1458916131),(250,'1458925706.gif','uploads/image/20160325/1458925706.gif',276090,'image',1458916863),(251,'1458964848.png','uploads/image/20160326/1458964848.png',6417,'image',1458956003),(252,'1458964736.png','uploads/image/20160326/1458964736.png',6791,'image',1458956106),(253,'1458964217.png','uploads/image/20160326/1458964217.png',5437,'image',1458956143),(254,'1458960280.png','uploads/image/20160326/1458960280.png',4906,'image',1458956194),(255,'1458965666.png','uploads/image/20160326/1458965666.png',5833,'image',1458956228),(256,'1458959072.jpg','uploads/image/20160326/1458959072.jpg',23806,'image',1458957672),(257,'1458965408.jpg','uploads/image/20160326/1458965408.jpg',27743,'image',1458957725),(258,'1458967382.jpg','uploads/image/20160326/1458967382.jpg',23073,'image',1458957782),(259,'1458966858.jpg','uploads/image/20160326/1458966858.jpg',16982,'image',1458957825),(260,'1458960176.jpg','uploads/image/20160326/1458960176.jpg',18474,'image',1458957868),(261,'1458966977.jpg','uploads/image/20160326/1458966977.jpg',33709,'image',1458958596),(262,'1458961396.jpg','uploads/image/20160326/1458961396.jpg',10969,'image',1458959020),(263,'1458968737.jpg','uploads/image/20160326/1458968737.jpg',14064,'image',1458959105),(264,'1458966623.jpg','uploads/image/20160326/1458966623.jpg',10921,'image',1458959147),(265,'1458962299.jpg','uploads/image/20160326/1458962299.jpg',11163,'image',1458959329),(266,'1458965806.jpg','uploads/image/20160326/1458965806.jpg',11039,'image',1458959361),(267,'1458965746.jpg','uploads/image/20160326/1458965746.jpg',21595,'image',1458959662),(268,'1458969207.jpg','uploads/image/20160326/1458969207.jpg',14856,'image',1458959694),(269,'1458961774.jpg','uploads/image/20160326/1458961774.jpg',12938,'image',1458960122),(270,'1458967463.jpg','uploads/image/20160326/1458967463.jpg',14296,'image',1458960156),(271,'1458962784.jpg','uploads/image/20160326/1458962784.jpg',16444,'image',1458960350),(272,'1458970897.png','uploads/image/20160326/1458970897.png',1497,'image',1458961282),(273,'1458968940.png','uploads/image/20160326/1458968940.png',1760,'image',1458961338),(274,'1458971332.png','uploads/image/20160326/1458971332.png',1200,'image',1458961388),(275,'1458969487.png','uploads/image/20160326/1458969487.png',1479,'image',1458961439),(276,'1458964049.png','uploads/image/20160326/1458964049.png',683,'image',1458961525),(277,'1458964429.png','uploads/image/20160326/1458964429.png',523,'image',1458961561),(278,'1458964960.jpg','uploads/image/20160326/1458964960.jpg',73644,'image',1458964381),(279,'1458967681.jpg','uploads/image/20160326/1458967681.jpg',207089,'image',1458964488),(280,'1458968993.jpg','uploads/image/20160326/1458968993.jpg',219949,'image',1458964534),(281,'1458971798.jpg','uploads/image/20160326/1458971798.jpg',483402,'image',1458964565),(282,'1458973894.jpg','uploads/image/20160326/1458973894.jpg',409504,'image',1458964599),(283,'1458970913.jpg','uploads/image/20160326/1458970913.jpg',219949,'image',1458964656),(284,'1458972783.jpg','uploads/image/20160326/1458972783.jpg',153139,'image',1458966844),(286,'1487861477.gif','uploads/image/20170223/1487861477.gif',2699,'image',1487858392);
/*!40000 ALTER TABLE `pmw_uploads` ENABLE KEYS */;
UNLOCK TABLES;

--
-- Table structure for table `pmw_usercomment`
--

DROP TABLE IF EXISTS `pmw_usercomment`;
/*!40101 SET @saved_cs_client     = @@character_set_client */;
/*!40101 SET character_set_client = utf8 */;
CREATE TABLE `pmw_usercomment` (
  `id` int(10) unsigned NOT NULL AUTO_INCREMENT COMMENT '评论id',
  `aid` int(10) unsigned NOT NULL COMMENT '信息id',
  `molds` tinyint(1) unsigned NOT NULL COMMENT '信息类型',
  `uid` int(10) unsigned NOT NULL COMMENT '用户id',
  `uname` varchar(20) NOT NULL COMMENT '用户名',
  `body` text NOT NULL COMMENT '评论内容',
  `reply` text NOT NULL COMMENT '回复内容',
  `link` varchar(200) NOT NULL COMMENT '评论网址',
  `time` int(10) unsigned NOT NULL COMMENT '评论时间',
  `ip` varchar(30) NOT NULL COMMENT '评论ip',
  `isshow` tinyint(1) unsigned NOT NULL COMMENT '是否显示',
  PRIMARY KEY (`id`)
) ENGINE=MyISAM DEFAULT CHARSET=utf8;
/*!40101 SET character_set_client = @saved_cs_client */;

--
-- Dumping data for table `pmw_usercomment`
--

LOCK TABLES `pmw_usercomment` WRITE;
/*!40000 ALTER TABLE `pmw_usercomment` DISABLE KEYS */;
/*!40000 ALTER TABLE `pmw_usercomment` ENABLE KEYS */;
UNLOCK TABLES;

--
-- Table structure for table `pmw_userfavorite`
--

DROP TABLE IF EXISTS `pmw_userfavorite`;
/*!40101 SET @saved_cs_client     = @@character_set_client */;
/*!40101 SET character_set_client = utf8 */;
CREATE TABLE `pmw_userfavorite` (
  `id` int(10) unsigned NOT NULL AUTO_INCREMENT COMMENT '收藏id',
  `aid` int(10) unsigned NOT NULL COMMENT '信息id',
  `molds` tinyint(1) unsigned NOT NULL COMMENT '信息类型',
  `uid` int(10) unsigned NOT NULL COMMENT '用户id',
  `uname` varchar(20) NOT NULL COMMENT '用户名',
  `link` varchar(200) NOT NULL COMMENT '收藏网址',
  `time` int(10) unsigned NOT NULL COMMENT '评论时间',
  `ip` varchar(30) NOT NULL COMMENT '评论ip',
  `isshow` tinyint(1) unsigned NOT NULL COMMENT '是否显示',
  PRIMARY KEY (`id`)
) ENGINE=MyISAM DEFAULT CHARSET=utf8;
/*!40101 SET character_set_client = @saved_cs_client */;

--
-- Dumping data for table `pmw_userfavorite`
--

LOCK TABLES `pmw_userfavorite` WRITE;
/*!40000 ALTER TABLE `pmw_userfavorite` DISABLE KEYS */;
/*!40000 ALTER TABLE `pmw_userfavorite` ENABLE KEYS */;
UNLOCK TABLES;

--
-- Table structure for table `pmw_usergroup`
--

DROP TABLE IF EXISTS `pmw_usergroup`;
/*!40101 SET @saved_cs_client     = @@character_set_client */;
/*!40101 SET character_set_client = utf8 */;
CREATE TABLE `pmw_usergroup` (
  `id` smallint(5) unsigned NOT NULL AUTO_INCREMENT COMMENT '用户组id',
  `groupname` varchar(30) NOT NULL COMMENT '用户组名称',
  `expvala` int(11) NOT NULL COMMENT '用户组经验介于a',
  `expvalb` int(11) NOT NULL COMMENT '用户组经验介于b',
  `stars` int(10) unsigned NOT NULL COMMENT '星星数',
  `color` varchar(10) NOT NULL COMMENT '头衔颜色',
  PRIMARY KEY (`id`)
) ENGINE=MyISAM AUTO_INCREMENT=7 DEFAULT CHARSET=utf8;
/*!40101 SET character_set_client = @saved_cs_client */;

--
-- Dumping data for table `pmw_usergroup`
--

LOCK TABLES `pmw_usergroup` WRITE;
/*!40000 ALTER TABLE `pmw_usergroup` DISABLE KEYS */;
INSERT INTO `pmw_usergroup` VALUES (1,'禁止访问',-99999,0,0,''),(2,'新手会员',1,50,1,''),(3,'初级会员',51,200,4,''),(4,'中级会员',201,500,8,''),(5,'高级会员',501,1000,12,''),(6,'金牌会员',1001,3000,16,'');
/*!40000 ALTER TABLE `pmw_usergroup` ENABLE KEYS */;
UNLOCK TABLES;

--
-- Table structure for table `pmw_vote`
--

DROP TABLE IF EXISTS `pmw_vote`;
/*!40101 SET @saved_cs_client     = @@character_set_client */;
/*!40101 SET character_set_client = utf8 */;
CREATE TABLE `pmw_vote` (
  `id` smallint(5) unsigned NOT NULL AUTO_INCREMENT COMMENT '投票id',
  `siteid` smallint(5) unsigned NOT NULL DEFAULT '1' COMMENT '站点id',
  `title` varchar(30) NOT NULL COMMENT '投票标题',
  `content` text NOT NULL COMMENT '投票描述',
  `starttime` int(10) unsigned NOT NULL COMMENT '开始时间',
  `endtime` int(10) unsigned NOT NULL COMMENT '结束时间',
  `isguest` enum('true','false') NOT NULL COMMENT '游客投票',
  `isview` enum('true','false') NOT NULL COMMENT '查看投票',
  `intval` int(10) unsigned NOT NULL COMMENT '投票间隔',
  `isradio` tinyint(1) unsigned NOT NULL COMMENT '是否多选',
  `orderid` smallint(5) unsigned NOT NULL COMMENT '排列排序',
  `posttime` int(10) unsigned NOT NULL COMMENT '更新时间',
  `checkinfo` enum('true','false') NOT NULL COMMENT '审核状态',
  PRIMARY KEY (`id`)
) ENGINE=MyISAM DEFAULT CHARSET=utf8;
/*!40101 SET character_set_client = @saved_cs_client */;

--
-- Dumping data for table `pmw_vote`
--

LOCK TABLES `pmw_vote` WRITE;
/*!40000 ALTER TABLE `pmw_vote` DISABLE KEYS */;
/*!40000 ALTER TABLE `pmw_vote` ENABLE KEYS */;
UNLOCK TABLES;

--
-- Table structure for table `pmw_votedata`
--

DROP TABLE IF EXISTS `pmw_votedata`;
/*!40101 SET @saved_cs_client     = @@character_set_client */;
/*!40101 SET character_set_client = utf8 */;
CREATE TABLE `pmw_votedata` (
  `id` int(10) unsigned NOT NULL AUTO_INCREMENT COMMENT '投票数据id',
  `voteid` smallint(6) unsigned NOT NULL COMMENT '投票id',
  `optionid` text NOT NULL COMMENT '选票id',
  `userid` int(10) unsigned NOT NULL COMMENT '投票人id',
  `posttime` int(10) unsigned NOT NULL COMMENT '投票时间',
  `ip` varchar(30) NOT NULL COMMENT '投票ip',
  PRIMARY KEY (`id`)
) ENGINE=MyISAM DEFAULT CHARSET=utf8;
/*!40101 SET character_set_client = @saved_cs_client */;

--
-- Dumping data for table `pmw_votedata`
--

LOCK TABLES `pmw_votedata` WRITE;
/*!40000 ALTER TABLE `pmw_votedata` DISABLE KEYS */;
/*!40000 ALTER TABLE `pmw_votedata` ENABLE KEYS */;
UNLOCK TABLES;

--
-- Table structure for table `pmw_voteoption`
--

DROP TABLE IF EXISTS `pmw_voteoption`;
/*!40101 SET @saved_cs_client     = @@character_set_client */;
/*!40101 SET character_set_client = utf8 */;
CREATE TABLE `pmw_voteoption` (
  `id` int(10) unsigned NOT NULL AUTO_INCREMENT COMMENT '投票选项id',
  `voteid` smallint(6) unsigned NOT NULL COMMENT '投票id',
  `options` varchar(30) NOT NULL COMMENT '投票选项',
  PRIMARY KEY (`id`)
) ENGINE=MyISAM DEFAULT CHARSET=utf8;
/*!40101 SET character_set_client = @saved_cs_client */;

--
-- Dumping data for table `pmw_voteoption`
--

LOCK TABLES `pmw_voteoption` WRITE;
/*!40000 ALTER TABLE `pmw_voteoption` DISABLE KEYS */;
/*!40000 ALTER TABLE `pmw_voteoption` ENABLE KEYS */;
UNLOCK TABLES;

--
-- Table structure for table `pmw_webconfig`
--

DROP TABLE IF EXISTS `pmw_webconfig`;
/*!40101 SET @saved_cs_client     = @@character_set_client */;
/*!40101 SET character_set_client = utf8 */;
CREATE TABLE `pmw_webconfig` (
  `siteid` smallint(5) unsigned NOT NULL DEFAULT '1' COMMENT '站点id',
  `varname` varchar(50) NOT NULL COMMENT '变量名称',
  `varinfo` varchar(80) NOT NULL COMMENT '参数说明',
  `vargroup` smallint(5) unsigned NOT NULL COMMENT '所属组',
  `vartype` char(10) NOT NULL COMMENT '变量类型',
  `varvalue` text NOT NULL COMMENT '变量值',
  `orderid` smallint(5) unsigned NOT NULL COMMENT '排列排序',
  PRIMARY KEY (`varname`)
) ENGINE=MyISAM DEFAULT CHARSET=utf8;
/*!40101 SET character_set_client = @saved_cs_client */;

--
-- Dumping data for table `pmw_webconfig`
--

LOCK TABLES `pmw_webconfig` WRITE;
/*!40000 ALTER TABLE `pmw_webconfig` DISABLE KEYS */;
INSERT INTO `pmw_webconfig` VALUES (1,'cfg_webname','网站名称',0,'string','完美手机自适应 企业通用型 html5响应式网站',1),(1,'cfg_phone','手机',0,'string','123456',99),(1,'cfg_weburl','网站地址',0,'string','',2),(1,'cfg_webpath','网站目录',0,'string','index.php',3),(1,'cfg_author','网站作者',0,'string','',4),(1,'cfg_generator','程序引擎',0,'string','',5),(1,'cfg_seotitle','SEO标题',0,'string','',6),(1,'cfg_keyword','关键字设置',0,'string','完美手机自适应 企业通用型 html5响应式网站',7),(1,'cfg_description','网站描述',0,'bstring','完美手机自适应 企业通用型 html5响应式网站',8),(1,'cfg_kfqq','在线客服',0,'string','123456',98),(1,'cfg_copyright','版权信息',0,'bstring','COPYRIGHT © 2017 版权所有',9),(1,'cfg_hotline','客服热线',0,'string','400-800-88',10),(1,'cfg_icp','备案编号',0,'string','浙ICP备5888',11),(1,'cfg_webswitch','启用站点',0,'bool','Y',12),(1,'cfg_switchshow','关闭说明',0,'bstring','对不起，网站维护，请稍后登录。<br />网站维护期间对您造成的不便，请谅解！',13),(1,'cfg_upload_img_type','上传图片类型',1,'string','gif|png|jpg|bmp',23),(1,'cfg_upload_soft_type','上传软件类型',1,'string','zip|gz|rar|iso|doc|xls|ppt|wps|txt',24),(1,'cfg_upload_media_type','上传媒体类型',1,'string','swf|flv|mpg|mp3|rm|rmvb|wmv|wma|wav',25),(1,'cfg_max_file_size','上传文件大小',1,'string','2097152',26),(1,'cfg_imgresize','自动缩略图方式　<br />(是\"裁切\",否\"填充\")',1,'bool','Y',27),(1,'cfg_countcode','流量统计代码',1,'bstring','',28),(1,'cfg_qqcode','在线QQ　<br />(多个用\",\"分隔)',1,'bstring','123456',29),(1,'cfg_mysql_type','数据库类型(支持mysql和mysqli)',2,'string','mysqli',40),(1,'cfg_pagenum','每页显示记录数',2,'string','20',41),(1,'cfg_timezone','服务器时区设置',2,'string','8',42),(1,'cfg_mobile','自动跳转手机版',2,'bool','Y',43),(1,'cfg_member','开启会员功能',2,'bool','Y',44),(1,'cfg_oauth','开启一键登录',2,'bool','Y',45),(1,'cfg_comment','开启文章评论',2,'bool','Y',46),(1,'cfg_maintype','开启二级类别',2,'bool','N',47),(1,'cfg_typefold','类别默认折叠',2,'bool','N',48),(1,'cfg_quicktool','管理页工具条',2,'bool','Y',49),(1,'cfg_diserror','PHP错误显示',2,'bool','Y',50),(1,'cfg_isreurl','是否启用伪静态',3,'bool','N',60),(1,'cfg_reurl_index','首页规则',3,'string','index.html',61),(1,'cfg_reurl_about','关于我们页',3,'string','{about}-{cid}-{page}.html',62),(1,'cfg_reurl_news','新闻中心页',3,'string','{news}-{cid}-{page}.html',63),(1,'cfg_reurl_newsshow','新闻内容页',3,'string','{newsshow}-{cid}-{id}-{page}.html',64),(1,'cfg_reurl_product','产品展示页',3,'string','{product}-{cid}-{page}.html',65),(1,'cfg_reurl_productshow','产品内容页',3,'string','{productshow}-{cid}-{id}-{page}.html',66),(1,'cfg_reurl_case','案例展示页',3,'string','{case}-{cid}-{page}.html',67),(1,'cfg_reurl_caseshow','案例内容页',3,'string','{caseshow}-{cid}-{id}-{page}.html',68),(1,'cfg_reurl_join','人才招聘页',3,'string','{join}-{page}.html',69),(1,'cfg_reurl_joinshow','招聘内容页',3,'string','{joinshow}-{id}.html',70),(1,'cfg_reurl_message','客户留言页',3,'string','{message}-{page}.html',71),(1,'cfg_reurl_contact','联系我们页',3,'string','{contact}-{cid}-{page}.html',72),(1,'cfg_reurl_soft','软件下载页',3,'string','{soft}-{cid}-{page}.html',73),(1,'cfg_reurl_softshow','软件内容页',3,'string','{softshow}-{cid}-{id}-{page}.html',74),(1,'cfg_reurl_goods','商品展示页',3,'string','{goods}-{cid}-{tid}-{page}.html',75),(1,'cfg_reurl_goodsshow','商品内容页',3,'string','{goodsshow}-{cid}-{tid}-{id}-{page}.html',76),(1,'cfg_reurl_vote','投票内容页',3,'string','{vote}-{id}.html',77),(1,'cfg_reurl_custom','自定义规则',3,'string','{file}.html',78),(1,'cfg_auth_key','网站标识码',4,'string','',90),(1,'cfg_alipay_uname','支付宝帐户',4,'string','',91),(1,'cfg_alipay_partner','支付宝合作身份者ID',4,'string','',92),(1,'cfg_alipay_key','支付宝安全检验码',4,'string','',93),(1,'cfg_qq_appid','QQ登录组件AppID',4,'string','',94),(1,'cfg_qq_appkey','QQ登录组件AppKey',4,'string','',95),(1,'cfg_weibo_appid','微博登录组件AppID',4,'string','',96),(1,'cfg_weibo_appkey','微博登录组件AppKey',4,'string','',97),(1,'cfg_email','邮箱',0,'string','',100),(1,'cfg_dizhi','地址',0,'string','浙江',101);
/*!40000 ALTER TABLE `pmw_webconfig` ENABLE KEYS */;
UNLOCK TABLES;

--
-- Table structure for table `pmw_weblink`
--

DROP TABLE IF EXISTS `pmw_weblink`;
/*!40101 SET @saved_cs_client     = @@character_set_client */;
/*!40101 SET character_set_client = utf8 */;
CREATE TABLE `pmw_weblink` (
  `id` smallint(5) unsigned NOT NULL AUTO_INCREMENT COMMENT '友情链接id',
  `siteid` smallint(5) unsigned NOT NULL DEFAULT '1' COMMENT '站点id',
  `classid` smallint(5) unsigned NOT NULL COMMENT '所属类别id',
  `parentid` smallint(5) unsigned NOT NULL COMMENT '所属类别父id',
  `parentstr` varchar(80) NOT NULL COMMENT '所属类别父id字符串',
  `webname` varchar(30) NOT NULL COMMENT '网站名称',
  `webnote` varchar(200) NOT NULL COMMENT '网站描述',
  `picurl` varchar(100) NOT NULL COMMENT '缩略图片',
  `linkurl` varchar(255) NOT NULL COMMENT '跳转链接',
  `orderid` smallint(5) unsigned NOT NULL COMMENT '排列排序',
  `posttime` int(10) unsigned NOT NULL COMMENT '更新时间',
  `checkinfo` enum('true','false') NOT NULL COMMENT '审核状态',
  PRIMARY KEY (`id`)
) ENGINE=MyISAM AUTO_INCREMENT=3 DEFAULT CHARSET=utf8;
/*!40101 SET character_set_client = @saved_cs_client */;

--
-- Dumping data for table `pmw_weblink`
--

LOCK TABLES `pmw_weblink` WRITE;
/*!40000 ALTER TABLE `pmw_weblink` DISABLE KEYS */;
/*!40000 ALTER TABLE `pmw_weblink` ENABLE KEYS */;
UNLOCK TABLES;

--
-- Table structure for table `pmw_weblinktype`
--

DROP TABLE IF EXISTS `pmw_weblinktype`;
/*!40101 SET @saved_cs_client     = @@character_set_client */;
/*!40101 SET character_set_client = utf8 */;
CREATE TABLE `pmw_weblinktype` (
  `id` smallint(5) unsigned NOT NULL AUTO_INCREMENT COMMENT '友情链接类型id',
  `siteid` smallint(5) unsigned NOT NULL DEFAULT '1' COMMENT '站点id',
  `parentid` smallint(5) unsigned NOT NULL COMMENT '类别父id',
  `parentstr` varchar(50) NOT NULL COMMENT '类别父id字符串',
  `classname` varchar(30) NOT NULL COMMENT '类别名称',
  `orderid` smallint(5) unsigned NOT NULL COMMENT '排列顺序',
  `checkinfo` enum('true','false') NOT NULL COMMENT '审核状态',
  PRIMARY KEY (`id`)
) ENGINE=MyISAM AUTO_INCREMENT=2 DEFAULT CHARSET=utf8;
/*!40101 SET character_set_client = @saved_cs_client */;

--
-- Dumping data for table `pmw_weblinktype`
--

LOCK TABLES `pmw_weblinktype` WRITE;
/*!40000 ALTER TABLE `pmw_weblinktype` DISABLE KEYS */;
INSERT INTO `pmw_weblinktype` VALUES (1,1,0,'0,','默认',1,'true');
/*!40000 ALTER TABLE `pmw_weblinktype` ENABLE KEYS */;
UNLOCK TABLES;
/*!40103 SET TIME_ZONE=@OLD_TIME_ZONE */;

/*!40101 SET SQL_MODE=@OLD_SQL_MODE */;
/*!40014 SET FOREIGN_KEY_CHECKS=@OLD_FOREIGN_KEY_CHECKS */;
/*!40014 SET UNIQUE_CHECKS=@OLD_UNIQUE_CHECKS */;
/*!40101 SET CHARACTER_SET_CLIENT=@OLD_CHARACTER_SET_CLIENT */;
/*!40101 SET CHARACTER_SET_RESULTS=@OLD_CHARACTER_SET_RESULTS */;
/*!40101 SET COLLATION_CONNECTION=@OLD_COLLATION_CONNECTION */;
/*!40111 SET SQL_NOTES=@OLD_SQL_NOTES */;

-- Dump completed on 2017-02-23 22:24:10
